Country Name,1904,1905,1906,1907,1908,1909,1910,1911,1912,1913,1914,1915,1916,1917,1918,1919,1920,1921,1922,1923,1924,1925,1926,1927,1928,1929,1930,1931,1932,1933,1934,1935,1936,1937,1938,1939,1940,1941,1942,1943,1944,1945,1946,1947,1948,1949,1950,1951,1952,1953,1954,1955,1956,1957,1958,1959,1960,1961,1962,1963,1964,1965,1966,1967,1968,1969,1970,1971,1972,1973,1974,1975,1976,1977,1978,1979,1980,1981,1982,1983,1984,1985,1986,1987,1988,1989,1990,1991,1992,1993,1994,1995,1996,1997,1998,1999,2000,2001,2002,2003,2004,2005,2006,2007,2008,2009,2010,2011,2012,2013,2014,2015,2016,2017,2018,2019,2020,2021,2022,2023
Afghanistan,0,0,0,0,0,1,0,2,0,0,0,0,0,0,0,0,0,1,0,0,0,0,1,0,0,0,0,1,0,2,2,1,3,0,0,3,4,0,1,0,0,0,0,0,1,1,0,0,1,0,3,0,5,4,4,4,2,0,2,1,3,4,8,3,8,4,4,2,8,12,18,5,10,13,9,7,7,10,7,11,24,22,14,7,11,1,22,11,9,12,11,7,3,4,11,12,7,7,13,4,9,9,3,10,14,11,11,6,9,8,8,7,11,6,6,11,1,6,11,45
Albania,0,4,0,0,0,0,0,1,0,0,0,0,0,4,1,0,1,0,1,0,0,0,3,1,1,0,1,2,1,0,1,1,2,0,1,2,1,0,0,0,0,1,2,1,2,0,0,1,0,0,1,0,0,0,1,7,1,0,1,0,0,0,2,4,1,3,1,0,1,0,1,2,0,1,1,1,0,0,1,1,0,2,2,2,2,1,0,0,0,1,0,0,3,1,0,1,0,1,0,0,2,1,1,0,0,1,0,0,0,0,1,0,0,0,2,9,1,0,0,0
Algeria,0,0,0,0,1,0,1,0,0,0,0,0,0,0,0,0,0,0,1,0,2,1,0,0,1,0,0,0,0,0,2,0,0,1,0,0,0,0,0,1,0,0,1,2,1,0,1,0,1,0,3,2,1,1,0,2,1,0,0,1,0,1,0,4,1,0,1,0,0,2,1,1,0,0,0,0,12,3,1,0,0,2,0,0,0,2,1,0,0,0,1,1,1,0,0,1,2,0,1,8,0,0,2,0,1,0,3,0,1,2,2,0,2,0,0,0,3,2,1,0
American Samoa,0,0,0,0,0,0,0,0,0,0,0,0,0,1,0,0,0,0,0,0,0,1,0,0,0,0,0,0,0,0,0,0,0,0,0,0,0,0,0,0,1,0,0,0,0,0,0,0,0,0,0,0,0,0,1,0,1,0,0,0,1,0,0,0,0,0,0,0,0,0,0,0,0,0,0,0,0,0,0,0,2,0,0,0,0,0,0,0,0,0,0,2,1,0,0,0,0,0,0,3,0,0,0,0,0,2,0,0,0,0,0,0,0,1,0,0,0,0,2,2
Angola,0,0,0,0,0,0,0,0,0,0,1,0,0,0,0,0,0,0,0,0,0,0,0,0,0,0,0,0,0,0,0,0,0,0,0,0,0,0,0,0,0,0,0,0,0,0,0,0,0,0,0,0,0,0,0,0,0,0,0,0,0,0,0,0,0,0,0,0,0,0,0,0,0,0,0,0,0,0,0,0,0,0,0,0,0,1,0,0,0,0,0,0,0,0,0,0,0,1,0,0,0,0,0,0,0,0,0,0,0,0,0,1,0,0,0,0,0,0,0,0
Anguilla,0,0,1,0,0,0,0,0,0,0,0,0,0,0,1,0,0,0,0,0,0,1,0,0,0,0,0,0,0,0,0,0,1,0,0,0,0,0,0,0,0,0,0,0,0,0,0,0,0,0,0,0,0,0,0,0,0,0,0,0,0,0,0,0,1,0,0,0,0,0,0,1,0,1,0,0,1,1,0,1,0,1,0,0,2,0,1,0,0,0,0,0,0,1,1,0,0,0,2,0,0,0,1,0,0,1,0,0,0,0,0,0,0,0,0,0,0,1,1,0
Antarctica,0,0,0,0,0,0,0,0,0,0,0,0,0,0,0,0,0,0,0,0,0,0,0,0,0,1,0,1,0,0,0,0,0,0,0,0,0,0,0,0,0,0,0,0,0,0,0,0,1,0,0,0,0,0,0,2,0,0,1,1,0,0,0,1,0,1,0,1,0,4,0,1,2,7,3,0,2,3,1,5,0,4,2,4,2,5,5,3,2,1,1,2,2,2,1,2,1,1,0,4,3,3,8,10,6,9,10,16,5,3,8,2,4,2,3,0,4,3,7,5
Antigua and Barbuda,0,0,0,0,0,0,0,0,0,0,0,0,0,0,0,0,0,0,0,0,0,3,0,0,0,0,0,0,0,0,0,0,0,0,0,0,0,0,0,0,0,0,0,0,0,0,0,0,0,0,0,0,0,0,0,0,0,0,0,0,0,0,1,2,0,0,0,0,0,2,3,1,0,2,1,0,0,1,2,1,0,0,2,0,2,1,2,5,1,0,1,0,0,0,1,2,6,2,1,0,0,0,0,1,0,0,0,2,0,0,0,0,1,1,1,0,0,0,3,7
Argentina,0,0,0,0,0,0,0,0,0,0,1,0,1,0,1,1,2,0,0,0,0,0,1,0,1,2,3,1,0,0,0,0,1,0,0,0,0,1,0,1,2,0,0,0,1,1,1,0,1,0,1,1,0,0,1,2,2,0,2,1,4,5,8,5,4,3,3,11,4,14,19,16,13,83,22,13,14,9,18,22,17,23,11,21,16,12,8,15,8,14,13,7,4,7,15,11,10,8,13,6,12,15,15,12,8,16,25,20,11,10,7,14,17,13,14,23,16,16,16,27
Armenia,0,0,0,0,0,0,0,0,1,0,0,0,0,0,0,0,0,0,0,0,0,0,2,0,0,0,2,1,2,0,0,0,0,1,1,0,0,0,0,0,0,0,0,0,0,0,0,0,0,0,0,0,0,0,0,1,0,0,0,0,0,0,0,1,2,0,0,1,0,0,0,0,0,0,0,0,0,0,0,0,0,0,0,0,4,1,0,0,0,0,0,0,0,0,0,0,0,0,0,0,0,0,0,0,0,0,0,0,0,0,0,0,0,0,0,0,0,1,1,0
Aruba,0,0,0,0,0,0,0,0,0,0,0,0,0,0,0,0,0,0,0,0,0,0,0,0,0,0,0,0,0,0,0,0,0,0,0,0,0,0,0,3,0,0,0,0,0,0,0,0,0,0,0,0,0,0,0,0,0,0,0,0,0,0,0,0,0,0,0,0,0,0,0,0,0,0,0,0,0,0,0,0,0,0,0,0,0,0,0,0,0,0,0,0,0,0,0,0,0,0,0,0,0,0,0,0,0,0,0,0,0,0,0,0,0,0,0,0,0,0,0,0
Australia,0,0,2,0,0,0,0,0,0,0,0,0,0,0,0,0,1,1,0,0,0,2,3,5,2,4,3,6,1,3,1,0,2,0,1,1,3,2,1,0,0,1,1,1,0,0,3,2,3,0,2,1,2,2,4,4,0,3,1,6,3,3,1,1,1,1,3,1,2,17,17,14,17,8,10,11,8,9,14,14,13,19,11,16,25,22,9,13,16,13,14,10,12,14,16,8,13,11,8,15,13,15,25,24,22,15,35,20,18,14,13,9,26,19,20,16,9,23,15,30
Austria,0,0,0,0,0,0,0,0,0,0,0,0,0,0,0,0,0,0,0,0,0,0,0,2,1,0,1,0,0,0,0,0,1,0,1,1,0,0,0,0,0,0,0,0,0,0,0,0,0,0,0,0,0,0,1,0,0,0,0,0,0,0,0,0,0,0,0,0,1,0,0,0,0,0,0,0,0,0,0,0,0,0,0,0,0,0,0,0,0,0,0,0,0,0,0,0,0,0,0,0,0,0,0,0,0,0,0,0,0,0,0,0,0,0,0,0,0,0,0,0
Azerbaijan,0,0,1,0,0,0,0,0,0,0,0,0,0,0,0,0,1,0,0,0,1,0,0,0,0,0,1,1,0,0,1,0,2,0,1,0,0,0,0,0,0,0,0,0,0,0,0,0,0,0,1,0,1,0,0,1,0,1,0,1,1,0,0,0,3,1,1,4,1,1,0,0,2,0,0,0,0,3,1,0,0,0,4,0,0,2,1,0,0,0,0,0,2,1,1,1,4,1,1,0,0,0,0,1,1,0,0,0,5,0,3,2,1,2,2,1,0,1,0,4
Bangladesh,0,0,0,0,0,0,0,0,0,0,0,0,0,0,1,0,0,1,0,1,0,0,0,0,0,0,0,1,0,0,0,1,0,0,0,0,0,0,0,0,0,1,0,0,0,0,0,0,0,0,0,1,1,0,0,1,0,0,0,1,0,0,0,0,1,1,2,0,0,0,0,0,0,0,0,0,0,0,1,0,0,0,0,0,1,1,0,0,1,0,0,0,0,0,0,1,0,0,0,1,0,0,0,1,0,0,1,0,0,0,0,0,0,0,0,0,0,0,0,4
Barbados,0,0,0,1,0,0,0,0,0,0,0,0,0,0,0,1,0,0,0,0,0,0,0,0,1,0,0,0,0,0,0,0,0,0,0,0,0,0,0,0,0,0,0,0,0,0,0,0,0,1,0,0,0,0,0,0,1,0,1,0,0,0,0,0,0,0,0,0,0,0,2,0,0,2,1,0,0,1,8,3,0,0,3,1,2,2,1,0,0,0,2,0,0,1,1,0,0,1,0,0,2,2,2,1,1,1,1,3,4,0,1,11,1,0,4,1,2,2,1,2
Belgium,0,0,0,0,0,0,0,0,0,0,0,0,0,0,0,0,0,0,0,0,0,0,0,0,0,0,0,0,0,0,0,0,0,0,1,0,0,0,0,0,0,0,0,0,0,0,0,0,0,0,0,0,0,0,0,0,0,0,0,0,0,0,0,0,0,0,0,0,0,0,0,0,1,0,0,0,0,0,0,1,0,0,0,0,0,0,0,0,1,0,0,0,0,0,0,0,0,0,0,0,0,0,0,0,0,0,0,0,0,0,0,0,0,0,0,0,0,0,0,0
Bermuda,0,0,0,0,0,0,0,0,0,0,0,0,0,0,0,0,0,0,0,0,0,0,0,0,0,0,0,0,0,0,0,0,0,0,0,0,0,0,0,0,0,0,0,0,0,0,0,0,0,0,0,0,0,0,0,0,0,0,0,0,0,0,0,0,0,0,0,0,0,0,0,0,1,0,1,0,0,0,0,1,0,0,1,2,2,0,0,0,0,0,0,0,0,0,0,0,0,0,1,0,0,0,0,0,0,0,0,0,0,0,0,0,0,0,0,0,0,0,0,0
Bhutan,0,0,0,0,0,0,0,0,0,0,0,0,0,0,0,0,0,0,0,0,0,0,0,0,0,0,0,0,0,0,0,0,0,0,0,0,0,1,0,1,0,0,0,0,0,0,1,0,0,0,1,0,0,0,0,0,0,0,0,0,2,0,0,0,0,1,0,0,0,0,0,0,0,0,0,0,0,1,0,0,0,0,0,0,1,0,0,0,0,0,0,0,0,1,2,0,0,0,0,1,0,0,2,0,0,2,0,0,0,0,0,0,0,0,0,0,0,0,0,0
"Bolivia, Plurinational State of",0,0,0,0,0,0,0,0,0,0,0,0,0,0,0,0,1,0,0,0,1,0,0,1,0,0,0,0,0,0,1,0,0,0,0,0,0,0,0,0,0,0,0,1,0,0,0,0,0,0,0,0,1,3,0,0,0,0,0,0,1,1,2,0,1,1,1,0,3,5,2,2,6,2,3,4,1,3,3,4,0,8,5,3,5,4,6,2,6,1,6,5,2,2,6,2,1,9,5,3,4,6,3,5,5,6,9,6,4,3,2,1,6,4,6,2,3,2,1,11
"Bonaire, Sint Eustatius and Saba",0,0,0,0,0,0,0,0,0,0,0,0,0,0,0,0,0,0,0,0,0,0,0,0,0,0,0,0,0,0,0,0,0,0,0,0,0,0,0,0,0,0,0,0,0,0,0,0,0,0,0,0,0,0,0,0,0,0,0,0,0,0,0,0,0,0,0,0,0,0,0,0,0,0,0,0,0,0,0,0,0,0,0,0,0,0,0,0,0,0,0,0,0,0,0,0,0,0,0,0,0,0,0,0,0,0,0,2,0,0,0,0,0,0,0,0,0,0,0,0
Bosnia and Herzegovina,0,0,0,3,0,0,0,0,0,0,0,0,0,0,0,0,0,0,0,1,0,0,0,1,1,0,0,0,0,0,0,0,0,0,0,0,0,0,0,0,0,0,0,0,0,0,0,2,0,0,0,0,1,0,0,1,0,0,1,0,0,0,0,0,0,3,1,0,1,0,2,0,1,0,1,1,0,1,0,0,0,0,1,0,1,0,1,0,0,0,0,0,0,0,0,0,0,0,0,0,1,1,0,0,0,0,0,0,0,0,0,0,0,0,0,1,0,0,1,0
Botswana,0,0,0,0,0,0,0,0,0,0,0,0,0,0,0,0,0,0,0,0,0,0,0,0,0,0,0,0,0,0,0,0,0,0,0,0,0,0,0,0,0,0,0,0,0,0,0,0,2,0,0,0,0,0,0,0,0,0,0,0,0,0,0,0,0,0,0,0,0,1,0,0,0,0,0,0,0,0,0,0,0,0,0,0,0,0,0,1,0,0,0,0,0,0,0,0,0,0,0,0,0,0,0,0,0,0,0,0,0,0,0,0,0,3,0,0,0,0,0,0
Brazil,0,0,1,0,0,0,0,1,0,0,0,4,0,1,1,1,1,0,0,3,2,2,1,0,1,3,0,0,0,0,5,3,0,7,1,2,0,1,2,2,2,1,0,2,0,0,2,3,3,0,2,1,3,0,4,3,1,1,0,6,6,2,0,2,3,2,0,1,6,8,8,4,6,2,7,7,11,13,10,12,11,14,9,6,10,13,10,6,4,7,4,3,11,5,6,6,8,4,4,9,8,8,15,17,12,9,9,8,8,3,16,8,11,6,12,11,7,5,5,21
Brunei Darussalam,0,0,0,0,0,0,0,0,0,0,0,0,0,0,0,0,0,0,0,0,0,0,0,0,0,0,0,0,0,0,0,0,0,0,0,0,0,0,0,0,0,0,0,0,0,0,0,0,0,0,0,0,0,0,0,0,0,0,0,0,0,0,0,0,0,0,0,0,0,0,0,0,0,0,0,0,0,0,0,0,0,0,0,0,0,0,0,0,1,0,0,0,0,0,0,0,0,0,0,0,0,0,0,0,0,0,0,0,0,0,0,0,0,0,0,0,0,0,0,0
Bulgaria,2,1,0,0,0,1,1,0,0,1,0,0,0,0,0,0,0,0,0,0,0,0,1,0,8,0,0,0,0,0,0,0,1,0,0,0,0,0,0,0,0,0,0,0,0,0,0,0,0,0,0,0,0,0,0,1,0,0,0,0,0,0,0,0,0,0,0,0,1,0,0,0,0,1,0,0,0,0,0,0,0,0,2,0,0,0,0,0,0,0,0,0,0,0,0,0,0,0,0,0,0,0,0,0,0,1,0,0,1,0,0,0,0,0,0,0,0,0,0,0
Burundi,0,0,0,0,0,0,0,0,0,0,0,0,0,0,0,0,0,0,0,0,0,0,0,0,0,0,0,0,0,0,0,0,0,0,0,0,0,0,0,0,0,0,0,0,0,0,0,0,0,0,0,0,0,0,0,0,0,0,0,0,0,0,1,0,0,0,0,0,0,0,0,0,0,0,1,0,0,0,0,0,0,0,0,0,0,0,1,0,0,0,0,0,0,0,0,0,0,0,0,0,0,0,0,0,0,0,0,0,0,0,0,0,0,0,0,0,1,0,0,0
Cabo Verde,0,0,0,0,0,0,0,0,0,0,0,0,0,0,0,0,0,0,0,0,0,0,0,0,0,0,0,0,0,0,0,0,0,0,2,0,0,1,0,0,0,0,0,0,0,0,0,0,0,0,0,0,0,0,0,0,0,0,0,0,0,0,0,0,0,0,0,0,1,0,0,0,0,0,0,0,0,0,0,0,0,0,0,0,0,0,0,0,0,2,0,0,0,0,1,0,0,0,0,0,0,0,0,0,0,0,0,0,0,0,0,0,0,0,0,0,0,0,0,1
Canada,0,1,1,0,0,0,1,0,1,0,1,0,0,0,2,1,2,0,0,0,1,1,4,0,0,3,2,0,0,3,1,3,0,1,2,3,2,1,1,0,3,2,3,0,1,1,0,2,0,2,0,1,4,4,0,2,4,1,1,2,0,3,0,1,0,2,5,7,6,3,0,3,10,0,6,11,3,0,5,2,2,8,6,3,8,6,5,6,11,3,2,3,2,3,2,4,5,20,4,1,8,8,4,3,29,5,3,3,6,3,4,4,1,11,5,10,1,2,4,7
Cayman Islands,0,0,0,0,0,0,0,0,0,0,0,0,0,0,0,0,0,0,0,0,0,1,0,0,0,0,0,0,0,0,1,0,0,0,0,0,0,0,0,0,0,0,0,0,0,0,0,0,0,0,1,0,0,0,0,0,0,0,1,0,0,0,0,0,0,0,0,0,0,0,0,0,1,0,1,0,0,0,0,1,1,0,0,0,0,1,0,1,1,0,0,1,0,0,0,2,0,1,1,0,2,0,0,0,0,0,3,0,1,0,2,1,0,0,0,1,2,1,0,0
Chile,1,0,6,2,0,1,1,1,1,1,1,0,2,3,4,4,5,0,7,4,1,3,14,7,17,5,3,4,6,2,4,6,5,6,2,4,10,0,3,9,5,0,4,2,3,5,7,10,7,5,5,7,10,3,10,10,46,11,12,12,12,23,22,23,14,15,24,35,16,76,58,41,62,40,48,60,41,47,50,80,49,134,68,82,85,51,61,63,71,57,50,84,33,71,60,46,39,57,50,52,59,54,81,140,91,95,421,144,58,53,174,156,66,77,48,68,74,66,66,88
China,1,0,3,2,2,0,2,1,0,3,1,4,0,5,3,3,5,4,2,4,5,4,9,18,5,9,22,19,9,10,14,14,16,9,11,7,13,12,3,2,8,3,7,7,9,10,28,20,22,15,3,15,3,5,8,7,6,9,7,5,7,17,36,22,22,17,31,42,33,40,25,43,55,31,12,16,19,12,18,19,18,23,30,20,31,35,24,22,21,22,20,22,28,28,21,16,21,22,12,39,27,15,11,15,127,39,31,19,22,34,25,19,20,18,26,17,24,44,27,32
Christmas Island,0,0,0,0,0,0,0,0,0,0,0,0,0,0,0,0,0,0,0,0,0,0,0,0,0,0,1,0,0,0,0,0,0,1,0,0,1,0,0,0,0,0,0,1,0,1,0,0,0,0,0,0,0,0,0,0,0,0,0,0,0,0,0,0,0,0,0,0,0,0,1,0,0,0,0,1,0,1,0,0,0,1,0,0,0,0,0,0,0,2,1,0,0,0,0,0,0,1,0,0,0,0,4,1,0,0,0,3,0,2,1,0,3,0,1,0,0,0,1,0
Cocos (Keeling) Islands,0,0,0,0,1,0,0,0,0,0,0,0,0,0,0,0,0,0,0,0,0,0,0,0,0,0,0,0,1,0,0,0,0,0,0,0,0,0,0,0,0,0,0,0,0,1,0,0,0,0,0,2,1,1,0,0,0,0,0,0,1,0,0,0,0,0,0,0,0,0,3,1,0,0,2,0,1,1,2,0,0,1,0,3,0,3,2,0,2,1,1,0,2,1,1,0,4,1,0,0,1,1,1,0,0,2,0,0,1,0,2,1,5,1,0,1,1,1,0,0
Colombia,0,0,0,1,0,0,0,1,0,1,1,0,0,1,2,0,1,1,0,1,3,0,1,0,1,0,1,0,1,0,2,3,0,3,0,0,0,0,2,0,0,1,0,0,0,0,0,1,4,0,0,0,1,2,0,0,1,0,2,1,1,2,4,6,4,0,8,1,3,18,15,11,17,6,12,25,15,16,6,8,11,13,12,11,7,10,9,10,26,5,9,14,6,7,4,4,7,3,7,3,3,3,5,10,6,6,3,5,3,4,6,5,2,10,7,11,6,4,2,30
Comoros,0,0,0,0,0,0,0,0,0,0,0,0,0,0,1,0,0,0,0,0,0,0,0,0,0,0,0,0,0,0,0,0,0,0,0,0,0,0,0,0,0,0,0,0,0,0,0,0,0,0,0,0,0,0,0,0,0,0,0,0,0,0,0,0,0,0,0,0,0,0,0,0,0,0,0,0,0,0,0,0,0,0,0,0,0,0,0,0,0,0,0,0,0,0,0,0,1,0,0,0,0,0,0,1,0,0,1,0,1,0,0,0,1,0,0,0,1,0,0,0
Congo,0,0,0,0,0,0,0,0,0,0,0,0,0,0,0,0,0,0,0,0,0,0,0,0,0,0,0,0,0,0,0,0,0,0,0,0,0,0,0,0,0,1,0,0,0,0,0,0,0,0,0,0,0,0,0,0,0,0,0,0,0,0,0,0,0,0,0,0,0,0,0,0,0,0,0,0,0,0,0,0,0,0,0,0,0,0,0,0,0,0,0,2,0,0,2,0,0,0,0,0,0,0,0,0,0,0,0,0,0,0,0,0,0,0,0,0,0,0,0,0
"Congo, The Democratic Republic of the",0,0,0,0,0,0,0,0,0,0,0,0,0,0,0,0,0,0,0,0,0,0,0,0,0,1,0,0,0,0,0,0,0,0,0,0,0,0,0,0,0,0,1,0,0,0,0,0,0,0,1,0,0,1,0,0,3,1,1,0,0,0,0,0,0,0,0,0,0,1,0,0,2,2,0,1,1,3,3,5,1,0,2,0,0,0,1,0,2,0,0,3,0,1,1,0,3,0,5,1,0,5,1,2,3,0,0,0,0,0,0,0,1,2,0,2,1,1,1,2
Costa Rica,1,1,0,1,0,0,1,0,0,1,0,0,2,0,1,0,0,0,0,0,6,1,1,0,0,1,0,0,0,0,1,1,2,4,0,4,4,4,0,1,0,0,0,0,1,1,3,3,5,0,0,1,1,1,3,1,1,0,0,1,0,1,3,1,2,1,2,2,1,5,0,2,6,0,4,2,0,1,3,14,1,2,0,3,2,1,9,19,3,4,2,1,3,1,3,5,6,1,3,0,5,4,2,1,3,8,4,6,8,3,1,3,3,3,4,2,6,1,3,5
Croatia,0,0,1,1,0,1,0,0,0,0,0,0,2,1,0,0,0,0,0,0,0,1,0,0,0,0,0,0,0,0,0,1,0,1,2,0,0,1,1,1,0,0,0,0,0,1,0,0,0,1,0,0,1,0,0,1,0,0,2,0,1,0,0,0,0,0,1,0,0,0,0,0,1,1,0,0,0,0,0,0,1,0,0,0,1,0,2,0,0,0,0,1,3,0,0,0,0,0,0,2,1,0,0,0,0,0,0,0,0,0,0,0,0,0,0,0,2,0,0,0
Cuba,0,0,0,0,0,0,0,0,0,0,0,0,0,1,0,0,0,0,0,0,0,0,0,0,0,0,0,0,2,0,0,0,0,0,0,0,0,0,0,0,0,0,0,1,0,0,0,0,0,0,0,0,0,0,0,0,0,0,0,0,0,0,0,0,0,0,0,0,0,0,0,0,1,0,1,0,0,0,0,0,0,1,0,0,0,1,3,0,1,0,0,0,0,0,1,0,0,0,0,1,0,0,0,0,0,0,4,0,0,0,0,0,1,1,0,0,1,0,1,0
Cyprus,0,0,0,0,0,0,0,0,0,0,0,0,0,0,0,0,0,1,0,0,1,0,0,0,0,0,2,0,0,0,0,0,0,1,0,0,0,1,0,0,0,0,0,0,0,0,0,0,0,1,0,0,0,0,0,0,0,1,0,0,0,0,0,0,0,0,0,0,0,0,0,0,2,0,0,0,0,0,0,0,1,0,0,1,0,0,0,0,0,1,0,3,10,1,0,3,0,0,0,0,0,0,0,0,0,0,0,0,1,0,0,1,0,0,0,0,0,1,3,0
Côte d'Ivoire,0,0,0,0,0,0,0,0,0,0,0,0,0,0,0,0,0,0,0,0,0,0,0,0,0,0,0,0,0,0,0,0,0,0,0,0,0,0,0,0,0,0,0,0,0,0,0,0,0,0,0,0,0,0,0,0,0,0,0,0,0,0,0,0,0,0,0,0,0,0,0,0,0,0,0,0,0,0,0,0,0,0,0,0,0,0,0,0,0,0,0,0,0,0,0,0,0,0,0,0,0,0,0,0,0,0,0,0,0,0,0,0,0,0,1,0,0,0,0,0
Djibouti,0,0,0,0,0,0,0,0,0,0,0,0,0,0,0,0,0,0,0,0,0,0,1,0,0,0,1,0,0,0,0,0,0,0,0,0,0,0,0,0,0,1,0,0,0,1,0,0,0,0,0,0,0,1,1,0,1,2,0,1,0,0,0,0,0,0,0,0,0,5,0,0,0,0,2,9,0,0,0,2,0,2,0,0,0,14,0,0,1,1,2,0,0,2,0,0,0,1,1,0,2,0,1,0,2,0,24,2,0,0,0,0,0,0,0,0,0,0,0,0
Dominica,0,0,0,0,0,0,0,0,0,0,0,0,0,0,0,0,0,0,0,0,0,0,0,0,0,0,0,0,0,0,0,0,0,0,0,0,0,0,0,0,0,0,0,0,0,0,0,0,0,0,0,0,0,0,0,1,0,0,0,0,0,0,0,0,0,0,0,0,0,1,0,0,0,0,0,0,0,0,1,0,0,0,0,1,0,0,0,0,0,0,0,0,1,0,0,0,0,0,0,0,3,1,0,2,0,0,0,0,0,0,0,0,1,0,0,0,0,0,0,0
Dominican Republic,0,0,0,0,0,0,0,1,0,0,0,0,1,1,0,0,0,0,1,0,0,0,0,0,0,0,0,0,0,0,0,0,0,0,0,0,0,0,0,0,0,1,8,0,3,0,1,0,0,1,0,0,0,0,0,1,1,0,1,0,1,0,1,0,1,0,0,3,1,1,3,0,3,2,1,4,2,2,0,4,5,2,0,1,1,4,1,1,1,2,1,1,2,0,1,0,0,0,0,3,0,0,0,1,1,2,2,0,3,0,0,0,0,0,1,0,0,0,0,3
Ecuador,0,0,0,1,0,1,0,0,0,0,1,0,0,1,0,0,0,0,0,1,1,0,2,4,1,1,0,3,0,2,0,1,1,0,3,0,2,0,14,1,1,0,1,1,0,1,1,0,1,2,1,3,3,2,13,1,2,1,3,1,6,2,0,4,2,7,3,6,0,8,6,7,14,10,3,9,13,9,16,9,10,7,7,14,17,12,14,13,12,6,6,33,8,8,10,7,10,6,6,6,7,25,17,37,10,26,14,12,10,8,11,13,26,8,11,11,9,10,14,27
Egypt,0,0,0,0,0,0,0,0,0,0,0,0,0,0,0,0,0,0,0,0,0,0,0,0,0,0,0,0,0,0,0,0,0,0,0,0,0,0,0,0,0,0,0,0,0,0,0,1,0,0,0,2,0,0,0,0,0,0,0,0,0,0,0,0,0,1,0,0,1,0,0,0,0,0,0,0,0,1,0,1,1,0,0,1,0,0,0,0,1,6,0,5,2,0,1,0,0,0,0,0,0,0,0,0,0,0,0,0,1,0,0,1,1,0,0,0,1,0,0,0
El Salvador,0,0,0,0,0,1,0,0,0,1,0,1,0,1,1,2,0,0,0,0,1,2,3,0,0,1,0,0,2,0,0,0,1,0,1,4,0,0,0,0,0,1,0,1,0,0,0,2,0,1,0,1,0,0,1,0,0,1,0,0,0,1,1,0,0,0,0,1,1,1,3,2,5,3,4,0,1,5,7,3,4,7,8,2,4,3,4,3,3,0,1,3,5,6,2,1,1,21,1,3,2,6,9,2,2,3,5,6,13,4,1,8,4,6,9,7,0,7,4,8
Eritrea,0,0,0,0,0,0,0,0,0,2,0,1,0,0,0,0,0,2,0,0,0,0,0,0,0,0,0,0,0,0,0,0,0,0,0,0,0,0,0,0,0,0,0,0,0,0,0,0,0,0,0,0,0,0,0,0,0,0,1,0,0,0,0,0,0,0,0,0,0,0,0,0,0,1,2,1,2,0,0,0,0,0,0,0,0,0,0,0,0,0,0,0,0,0,0,0,0,0,0,0,0,0,0,1,0,0,0,5,0,1,0,0,0,0,0,1,0,0,0,4
Ethiopia,0,0,2,0,0,0,0,0,0,1,0,0,0,0,0,0,0,0,0,0,0,0,0,0,1,1,1,0,0,0,0,0,0,0,4,0,0,0,1,0,1,0,0,0,0,0,2,0,1,0,0,0,0,0,0,0,0,6,0,0,1,1,0,1,1,9,0,1,0,0,0,1,0,1,0,1,0,0,0,1,1,1,0,4,0,2,2,0,0,5,0,1,1,0,0,0,0,0,2,0,1,19,0,0,0,1,2,2,0,0,0,0,0,1,1,0,0,0,2,0
Falkland Islands (Malvinas),0,0,0,1,1,0,0,0,0,0,0,0,0,0,0,0,0,0,0,0,0,0,0,0,2,0,0,0,0,1,0,0,0,1,1,0,0,2,0,0,0,0,0,0,0,0,0,0,1,0,0,0,0,0,0,0,0,0,0,1,1,0,1,0,0,1,0,0,0,0,1,7,1,0,2,4,1,2,2,3,1,0,2,2,1,1,2,2,4,3,1,0,0,0,0,0,2,0,0,2,2,1,1,2,4,1,0,3,6,6,3,2,1,3,1,2,22,14,0,2
Fiji,0,0,0,0,0,0,0,0,0,0,0,0,0,0,1,0,2,2,0,2,0,0,1,2,1,1,1,0,1,1,3,1,0,1,2,0,0,1,0,1,1,0,0,0,1,0,2,0,0,2,2,0,3,1,0,5,0,0,0,6,1,3,2,0,5,2,3,8,3,14,20,10,20,10,17,15,23,17,14,19,17,12,17,12,19,27,35,26,18,20,11,7,6,15,11,5,20,17,17,18,11,13,12,20,18,14,9,27,14,17,9,12,15,31,19,11,15,18,15,41
France,0,0,0,0,0,1,0,0,0,0,0,0,0,0,1,0,0,0,0,0,1,0,1,0,0,0,0,0,1,0,0,1,0,0,1,0,0,0,0,0,0,0,0,0,0,0,0,0,0,0,0,0,0,0,0,2,0,0,0,0,0,0,0,1,0,0,0,0,0,0,0,0,0,0,1,0,0,0,0,0,0,2,0,0,0,0,0,0,0,0,0,0,0,0,0,0,0,1,0,1,0,1,0,0,0,0,0,1,0,0,0,0,0,0,0,0,0,0,0,0
French Guiana,0,0,1,0,0,0,0,0,0,0,0,0,0,0,1,1,0,0,0,0,0,1,0,1,0,2,0,0,0,0,0,0,1,0,0,0,1,0,0,0,0,0,0,1,0,0,1,1,1,0,2,0,0,1,1,0,0,1,1,0,0,2,0,0,1,2,1,0,1,1,4,2,2,5,1,10,2,3,2,2,3,5,2,2,3,4,3,1,5,1,2,4,2,5,5,1,2,2,3,1,5,7,1,2,5,3,4,1,3,7,2,3,3,4,3,2,3,2,1,0
French Polynesia,0,0,0,0,0,0,0,0,0,0,0,0,0,0,0,0,0,0,0,0,0,0,0,0,0,0,0,0,0,0,0,0,0,0,0,0,0,0,0,0,0,0,0,0,0,0,0,0,0,0,0,0,0,0,0,0,0,0,0,0,0,1,0,0,0,0,0,0,0,0,0,2,1,3,0,4,5,3,3,4,4,4,3,5,5,6,7,4,0,0,1,4,1,1,1,0,1,0,1,0,0,0,0,0,0,0,0,1,1,1,1,0,0,2,0,1,0,0,2,0
French Southern Territories,0,0,0,0,0,0,0,0,0,0,0,0,0,1,0,0,0,0,0,0,1,0,0,2,0,1,0,0,0,0,0,0,0,0,0,0,1,0,0,0,0,1,0,0,0,0,0,1,0,0,1,1,1,0,0,4,0,2,0,1,0,1,3,0,2,0,2,0,0,3,4,4,5,5,1,8,5,5,3,8,6,4,3,3,5,4,16,2,3,18,8,3,4,1,2,4,5,4,3,2,4,2,15,13,7,9,8,8,2,4,4,10,3,3,10,3,7,12,8,4
Gabon,0,0,0,0,0,0,0,0,0,0,0,0,0,0,0,0,0,0,0,0,0,0,0,0,0,0,0,0,0,0,0,0,0,0,0,0,0,0,0,0,0,0,0,0,0,0,0,0,0,0,0,0,0,0,0,0,0,0,0,0,0,0,0,0,0,0,0,0,0,0,1,0,1,0,0,0,0,0,0,0,0,0,0,0,0,0,0,0,0,0,0,0,0,0,0,0,0,0,0,0,0,0,0,0,0,0,0,0,0,0,0,0,0,0,0,0,0,2,1,0
Georgia,0,1,0,1,0,0,0,0,0,1,0,0,0,0,0,0,1,0,0,0,0,1,1,1,0,0,0,0,0,0,0,0,0,0,1,0,2,0,0,0,0,0,0,0,0,0,0,1,0,0,0,0,0,1,2,1,0,0,0,0,1,0,0,1,0,0,1,0,0,0,0,0,0,0,1,0,0,1,0,0,0,1,1,0,1,0,1,10,1,1,1,0,0,1,0,0,0,0,0,0,0,0,1,0,0,1,0,0,2,1,0,0,0,0,1,0,0,0,0,0
Germany,0,0,0,0,0,0,0,1,0,1,0,0,0,0,0,0,0,0,0,0,0,0,0,0,0,0,0,0,0,1,0,1,0,0,0,0,0,0,0,1,0,0,0,0,0,0,0,1,0,1,0,1,0,0,1,0,0,0,0,0,0,0,0,0,0,0,0,0,0,0,0,1,0,0,1,0,0,0,1,0,0,0,0,0,0,1,0,0,0,0,0,0,0,0,0,0,0,0,0,0,0,0,0,0,0,0,0,0,0,0,0,0,0,0,0,0,0,0,0,0
Ghana,0,0,0,0,0,0,0,0,0,0,0,0,0,0,0,0,0,0,0,0,0,0,0,0,0,0,0,0,0,0,0,0,0,0,0,1,0,0,0,0,0,0,0,0,0,0,0,0,0,0,0,0,0,0,0,0,0,0,0,0,0,0,0,0,0,1,0,0,0,0,0,0,0,0,0,0,0,0,0,0,0,0,0,0,0,0,0,0,0,0,0,0,0,0,0,0,0,0,0,0,0,0,0,0,0,0,0,0,0,0,0,0,0,0,0,0,0,0,0,0
Greece,0,5,3,0,4,2,2,1,2,0,3,10,2,9,7,6,8,5,8,7,2,5,12,4,7,2,11,8,17,13,2,5,5,3,9,3,1,8,9,8,7,1,6,12,16,7,2,11,15,26,14,9,18,17,13,16,5,2,8,1,1,6,12,6,5,6,3,1,6,9,6,7,9,5,8,6,7,17,7,24,13,7,8,5,7,9,5,5,9,7,5,13,6,10,6,4,7,8,7,8,5,7,13,10,22,9,11,8,6,11,19,14,12,7,15,11,26,25,8,14
Greenland,0,0,0,0,0,0,0,0,0,0,0,0,0,0,0,2,1,1,0,1,4,0,1,3,0,3,1,2,1,2,2,0,4,2,2,1,0,2,0,0,1,0,0,0,2,0,0,1,0,1,2,1,1,1,1,1,3,0,0,2,0,2,0,1,0,1,1,0,2,0,6,0,0,0,2,1,1,0,2,4,2,5,0,0,4,5,6,1,2,2,2,6,2,3,8,5,0,7,4,7,8,2,2,1,3,10,4,7,1,5,7,1,2,5,6,5,2,1,18,6
Grenada,0,0,0,0,0,0,0,0,0,0,0,0,0,0,0,0,0,0,0,0,0,0,0,0,0,0,0,0,0,0,0,0,0,0,0,0,0,0,0,0,0,0,0,0,0,0,0,0,0,0,0,0,0,0,0,0,0,0,0,0,0,0,0,0,0,0,0,0,0,0,0,0,0,0,0,0,0,0,0,0,0,1,0,1,0,0,0,0,0,0,1,0,0,0,1,0,0,0,0,0,0,0,0,0,0,0,0,0,0,0,0,0,0,1,0,0,0,0,0,0
Guadeloupe,0,0,0,0,0,0,0,0,0,0,1,0,0,0,0,0,1,0,1,0,1,1,0,0,1,0,0,0,0,0,0,1,0,1,0,0,0,0,0,0,1,0,0,0,0,0,1,1,0,1,0,0,0,2,0,0,0,0,0,1,3,0,0,0,0,9,2,0,0,3,0,0,5,5,1,1,2,4,3,3,2,4,0,0,3,1,1,2,1,0,2,1,0,3,2,3,1,3,7,2,6,1,2,7,2,1,3,0,1,0,7,0,2,1,2,3,3,1,5,4
Guam,0,0,0,0,0,1,0,0,0,0,0,0,0,1,0,0,0,0,0,0,0,1,0,1,1,1,0,1,3,1,0,0,3,1,0,3,0,0,0,0,0,0,1,0,0,0,1,1,0,0,0,0,0,0,0,2,0,0,1,1,3,2,2,5,2,2,4,7,5,6,14,5,8,16,11,8,8,5,8,11,11,17,7,16,14,14,16,16,5,37,13,6,11,7,19,14,14,11,9,7,4,5,9,12,17,12,21,16,8,9,6,17,7,14,8,15,9,9,14,36
Guatemala,0,0,0,1,0,0,0,0,1,0,0,0,1,0,2,2,0,1,0,0,0,1,1,1,0,8,3,2,0,0,1,0,2,4,0,2,1,0,4,0,0,0,0,0,2,0,7,1,1,2,2,3,2,2,1,0,1,1,0,0,2,0,2,0,0,1,2,3,1,6,8,3,14,4,14,9,5,3,10,9,1,5,2,3,9,4,2,5,4,7,4,5,4,6,8,6,6,8,3,5,4,7,9,7,12,12,12,7,18,7,9,6,5,13,6,6,4,6,5,8
Guinea,0,0,0,0,0,0,0,0,0,0,0,0,0,0,0,0,0,0,0,0,0,0,0,0,0,0,0,0,0,0,0,0,0,0,0,0,0,0,0,0,0,0,0,0,0,0,0,0,0,0,0,0,0,0,0,0,0,0,0,0,0,0,0,0,0,0,0,0,0,0,0,0,0,0,0,0,0,0,0,1,0,0,0,0,0,0,0,0,0,0,0,0,0,0,0,0,0,0,0,0,0,0,0,0,0,0,0,0,0,0,0,0,0,0,0,0,0,1,0,0
Haiti,0,0,0,0,0,0,0,0,0,0,0,0,0,0,0,0,0,0,0,0,0,0,0,0,0,0,0,0,0,0,0,0,0,0,0,0,0,0,0,0,0,0,0,0,0,0,0,0,1,1,0,0,1,0,0,0,0,0,1,0,0,0,0,0,0,0,0,0,0,1,0,0,0,0,0,0,0,0,0,0,0,0,0,0,0,0,0,0,0,0,1,0,0,1,0,0,0,0,0,0,0,0,0,0,0,0,17,0,0,0,0,0,0,0,2,0,0,4,3,1
Honduras,0,0,0,0,0,0,1,0,0,0,0,0,0,0,1,0,0,0,0,0,0,1,0,1,0,0,0,1,0,0,2,0,0,0,0,0,1,0,0,0,0,1,0,0,1,0,0,1,1,0,0,0,0,1,0,0,0,0,0,0,0,0,0,1,0,2,0,1,0,0,0,1,3,2,0,0,2,1,5,0,1,0,0,0,0,0,1,1,1,1,1,1,1,3,1,5,0,1,1,0,1,1,2,2,2,5,1,3,0,1,1,0,2,0,1,1,2,1,2,1
Hong Kong,0,0,0,0,0,0,0,0,0,0,0,0,0,0,0,0,0,0,0,0,0,0,1,0,0,0,0,0,0,0,0,0,0,0,0,0,0,0,0,0,0,0,0,0,0,0,0,0,0,0,0,0,0,0,0,0,0,0,0,0,0,0,0,0,0,0,0,0,0,0,0,0,0,0,0,0,0,0,0,0,0,0,0,0,0,0,0,0,0,0,0,0,0,0,0,0,0,0,0,0,0,0,0,0,0,0,0,0,0,0,0,0,0,0,0,0,0,0,0,0
Hungary,0,0,0,0,0,0,0,1,0,0,0,0,0,0,0,0,0,0,0,0,0,0,0,0,0,0,0,0,0,0,0,0,0,0,0,0,0,0,0,0,0,0,0,0,0,0,0,0,0,0,0,0,1,0,0,0,0,0,0,0,0,0,0,0,0,0,0,0,0,0,0,0,0,0,0,0,0,0,0,0,0,1,0,0,0,0,0,0,0,0,0,0,0,0,0,0,0,0,0,0,0,0,0,0,0,0,0,0,0,0,0,0,0,0,0,0,0,0,0,0
Iceland,0,0,0,0,0,0,1,0,1,1,1,0,0,1,0,0,1,1,0,0,1,1,0,3,0,4,0,0,0,1,2,1,2,0,4,0,1,0,1,0,3,1,0,0,2,0,0,0,5,0,10,1,1,0,3,2,0,0,0,2,0,0,0,0,1,0,0,0,0,3,8,3,6,2,1,1,3,0,0,1,2,1,5,1,0,2,2,1,1,2,2,0,1,0,3,3,4,0,1,2,2,3,5,1,4,0,6,5,2,1,46,2,0,3,1,2,7,7,7,17
India,0,1,3,0,0,0,0,0,0,0,2,0,2,3,0,0,0,0,0,0,0,2,7,4,3,2,8,1,3,1,1,3,2,4,8,4,1,13,1,1,2,3,0,1,2,1,26,5,2,0,1,1,3,1,3,2,1,1,2,1,9,8,6,20,9,6,7,8,1,9,5,12,6,8,5,5,13,4,6,15,36,9,13,3,9,4,14,13,7,14,10,5,4,6,8,9,11,18,9,7,110,60,37,10,27,43,16,10,19,12,10,7,6,13,10,12,15,17,12,31
Indonesia,0,0,4,8,1,3,2,0,3,6,6,7,9,11,6,7,5,10,4,10,7,15,28,18,28,22,17,18,17,11,20,21,27,21,21,17,12,22,8,11,11,6,7,6,11,13,13,13,8,14,12,11,9,22,9,22,18,10,9,30,35,44,25,48,47,57,45,64,77,153,172,192,207,354,211,211,164,127,169,291,226,266,238,190,184,228,262,257,276,239,323,179,185,125,132,163,222,201,190,177,325,564,303,413,242,366,221,194,286,133,191,174,151,158,231,296,136,186,173,315
"Iran, Islamic Republic of",0,1,0,2,0,1,0,2,0,1,0,0,0,3,1,0,0,0,0,5,2,3,3,10,6,8,26,11,6,5,6,9,9,3,4,8,6,3,2,0,0,2,3,6,4,2,3,4,0,2,0,1,6,5,9,1,3,4,7,2,24,9,8,9,32,16,22,22,29,15,6,10,19,34,12,19,13,12,6,12,7,8,9,9,14,9,20,11,11,11,22,6,7,15,13,16,7,7,11,19,12,12,11,9,15,4,13,14,30,27,26,6,3,22,19,11,16,19,17,28
Iraq,0,0,0,0,0,0,0,0,0,0,0,0,0,1,0,0,0,0,0,0,0,0,0,0,0,1,1,0,1,0,0,1,0,0,1,0,0,0,0,0,1,0,1,0,0,0,0,0,0,0,0,0,0,0,1,0,0,0,0,0,2,1,0,0,1,0,0,1,1,0,1,1,0,0,0,0,2,1,0,0,0,0,0,0,0,0,0,1,0,1,0,0,0,0,0,1,0,0,1,0,0,1,0,0,0,1,0,0,2,1,1,0,0,3,7,2,1,1,0,1
Israel,0,0,0,0,0,0,0,0,0,0,0,0,0,0,0,0,0,0,0,0,0,0,0,0,0,0,0,0,0,0,0,0,0,0,0,0,0,0,0,0,0,0,0,0,0,0,0,0,0,0,0,0,0,0,0,0,0,0,0,0,0,0,0,0,0,0,0,0,0,0,0,0,0,0,0,1,0,0,0,0,1,0,0,0,0,0,0,0,0,0,0,0,0,0,0,0,0,0,0,0,0,0,0,0,0,0,0,0,0,0,0,0,0,0,0,0,0,0,0,0
Italy,0,2,0,1,3,3,1,3,0,2,3,1,6,5,4,4,3,0,1,1,2,1,1,2,2,10,5,4,2,3,1,1,2,2,1,3,1,3,0,2,0,1,0,1,5,2,1,3,1,0,1,0,1,2,1,3,0,0,3,3,0,0,0,1,2,0,1,2,2,2,0,1,21,5,4,6,3,1,0,4,4,0,0,2,0,0,3,2,1,1,2,0,1,6,4,0,2,0,4,2,3,1,2,1,3,6,1,0,6,1,0,0,6,4,1,0,0,1,1,5
Jamaica,0,1,0,2,0,0,0,0,0,0,1,0,0,0,0,0,0,0,0,0,0,0,0,0,0,0,0,0,0,0,0,0,0,0,0,0,0,1,0,0,0,0,0,0,0,0,0,0,0,0,0,0,0,1,0,0,0,0,0,0,0,0,0,0,0,0,0,0,0,0,0,0,0,0,0,0,0,0,0,0,0,0,0,0,1,0,0,0,0,1,0,0,0,0,0,0,0,0,0,0,0,1,0,1,0,0,0,0,0,0,0,0,0,0,0,0,1,0,0,3
Japan,0,3,11,5,3,9,5,4,3,15,5,14,11,10,9,10,7,14,12,23,15,14,32,49,34,30,22,29,20,72,29,30,26,43,78,22,18,14,15,18,13,18,9,19,22,5,13,13,40,23,23,23,22,11,51,26,23,41,27,55,47,46,35,37,94,46,29,39,31,111,101,115,158,95,254,72,91,107,136,174,158,199,143,105,100,161,94,135,155,126,149,226,114,93,76,82,162,104,83,132,122,87,66,95,101,68,132,864,163,129,99,97,126,83,91,79,87,102,137,256
Jordan,0,0,0,0,0,0,0,0,0,0,0,0,0,0,0,0,0,0,0,0,0,0,0,1,0,0,0,0,0,0,0,0,0,0,0,0,0,0,0,0,0,0,0,0,0,0,0,0,0,0,0,0,0,0,0,0,0,0,0,0,0,0,0,0,0,0,0,0,0,0,0,0,0,0,0,0,0,0,0,0,0,0,0,0,0,0,0,0,0,0,0,0,0,0,0,0,0,0,0,0,0,0,0,0,0,0,0,0,0,0,0,0,0,0,0,0,0,0,0,0
Kazakhstan,0,0,0,0,0,0,0,1,0,0,0,0,0,0,0,0,0,0,0,0,0,0,0,0,1,4,0,0,2,1,0,0,0,0,0,1,2,0,0,0,0,1,0,0,0,0,0,0,0,0,0,0,0,0,0,0,0,0,0,1,0,0,0,1,2,1,1,1,0,9,7,9,13,9,15,16,9,9,6,7,14,5,1,13,9,6,4,0,0,1,0,0,0,0,0,0,0,1,0,2,1,0,0,1,1,2,0,1,1,1,1,0,0,1,0,0,0,0,0,0
Kenya,0,0,0,0,0,0,0,0,0,0,0,0,0,0,0,0,0,0,0,0,0,0,0,0,2,0,0,0,0,0,0,0,0,0,1,0,0,0,0,0,0,0,0,0,0,0,0,0,0,0,0,0,0,0,0,0,0,0,0,0,0,0,0,1,0,0,0,0,0,0,0,0,0,0,0,0,0,0,0,0,0,0,0,0,0,0,1,0,0,0,0,0,0,0,0,0,0,0,0,0,0,0,0,0,0,0,1,0,1,0,0,0,0,0,0,0,1,0,0,0
"Korea, Democratic People's Republic of",0,0,0,0,0,0,0,0,0,0,0,0,0,0,0,0,0,0,0,0,0,0,0,0,0,0,0,0,0,0,0,0,0,0,0,0,0,0,0,0,0,0,0,0,0,0,0,0,2,0,0,0,0,0,0,0,1,0,0,0,0,0,0,0,0,0,0,0,0,1,0,0,0,1,0,1,1,0,1,0,0,0,0,0,0,0,1,0,0,0,0,0,0,0,0,0,0,0,0,0,0,0,0,0,0,0,0,0,0,1,0,0,2,1,0,0,0,0,0,0
"Korea, Republic of",0,0,0,0,0,0,0,0,0,0,0,0,0,0,0,0,0,0,0,0,0,0,0,0,0,0,0,0,0,0,0,0,0,0,0,0,0,0,0,0,0,0,0,0,0,0,0,0,0,0,0,0,0,0,0,0,0,0,0,2,0,0,0,0,0,0,0,0,0,0,0,1,1,0,0,0,1,1,0,0,0,0,0,0,0,0,0,0,0,0,1,0,0,0,0,0,0,0,0,0,1,0,0,0,0,0,0,0,0,0,0,0,1,1,0,0,0,0,0,0
Kosovo,0,0,0,0,0,0,0,0,0,0,0,0,0,0,0,0,0,0,0,0,0,0,0,0,0,0,0,0,0,0,0,0,0,0,0,0,0,0,0,0,0,1,0,0,0,0,0,0,0,0,0,0,0,0,0,0,0,0,0,0,0,0,0,0,0,0,0,0,0,0,0,0,0,0,1,0,0,0,0,1,0,0,0,0,0,0,0,0,0,0,0,0,0,0,0,0,0,0,1,0,0,0,0,0,0,0,0,0,0,0,0,0,0,0,0,0,0,0,0,0
Kyrgyzstan,0,0,0,0,0,0,0,0,0,0,0,0,0,0,0,0,0,0,0,0,2,0,3,1,2,0,1,0,1,0,1,2,2,3,1,0,1,1,1,1,3,0,4,0,1,1,0,0,0,0,1,2,0,1,1,4,0,1,1,1,1,3,1,6,1,3,6,4,1,0,19,1,4,2,5,1,2,1,1,3,0,0,0,0,1,0,4,3,13,0,0,1,2,1,2,1,1,0,1,1,0,0,1,4,10,2,4,2,2,0,1,3,5,1,1,0,1,0,0,0
Lao People's Democratic Republic,0,0,0,0,0,0,0,0,0,0,0,0,0,0,0,0,0,0,0,0,0,1,0,0,0,0,0,0,0,0,0,0,0,1,0,0,0,0,0,0,0,0,0,0,0,0,0,0,0,0,0,0,0,0,0,0,0,0,0,0,0,0,0,0,0,0,0,0,0,0,0,0,0,0,1,0,0,0,1,1,0,0,0,0,0,1,0,0,0,0,0,0,0,0,0,0,0,0,0,0,0,0,0,1,0,0,0,0,0,0,0,0,0,0,0,0,0,0,0,0
Lebanon,0,0,0,0,0,0,0,0,0,0,0,0,0,0,0,0,0,0,0,0,0,0,0,0,0,0,0,0,0,0,0,0,0,0,0,0,0,0,0,0,0,0,0,0,0,0,0,0,0,0,0,0,2,0,0,0,0,0,0,0,0,0,0,0,0,0,0,0,0,0,0,0,0,0,0,0,0,0,0,0,0,0,0,0,0,0,0,0,0,0,0,0,0,1,0,0,0,0,0,0,0,0,0,0,1,0,0,0,0,0,0,0,0,0,0,0,0,0,0,0
Liberia,0,0,0,0,0,0,0,0,0,0,0,0,0,0,0,0,0,0,0,0,0,0,0,0,0,0,0,0,0,0,0,0,0,0,0,1,0,0,0,0,0,0,0,0,0,0,0,0,0,0,0,0,0,1,0,0,0,0,0,0,0,0,0,0,0,0,0,0,0,0,0,0,0,0,0,0,0,0,0,0,0,0,0,1,0,0,0,0,0,2,0,0,0,0,0,0,0,0,1,0,0,0,0,0,0,0,0,0,0,0,0,0,1,0,0,0,0,0,0,0
Libya,0,0,0,1,0,0,0,0,0,0,0,0,0,0,0,0,0,0,0,1,0,0,0,0,0,0,0,0,1,1,2,4,1,0,0,3,1,0,0,0,0,0,0,0,0,0,0,0,0,0,0,0,0,0,1,0,0,0,0,1,0,0,0,0,0,0,0,0,0,0,1,1,0,0,1,0,0,0,1,0,0,0,0,1,2,0,0,0,0,0,0,0,0,0,0,0,1,0,0,0,0,0,0,0,0,1,0,0,0,0,0,0,0,0,0,0,0,0,1,0
Madagascar,0,0,0,0,1,1,0,0,0,0,0,0,1,0,0,1,0,0,0,0,0,1,1,1,0,0,0,0,0,1,0,0,0,0,0,0,0,1,0,2,0,0,0,1,1,0,0,0,0,0,0,1,0,0,1,0,1,0,1,0,0,2,0,1,0,0,1,0,0,0,3,3,2,3,2,2,1,3,1,2,11,4,3,2,12,3,1,2,3,1,4,4,1,5,3,1,1,3,0,2,12,2,5,2,3,3,3,0,6,7,4,3,1,3,9,2,3,9,2,1
Malawi,0,0,0,0,0,0,0,0,0,0,0,0,0,0,0,0,0,0,0,0,0,0,0,0,0,0,0,0,0,0,0,0,0,0,0,0,0,0,0,0,0,0,0,0,0,0,0,0,0,0,1,0,0,0,0,0,0,0,0,0,0,0,1,0,0,0,0,0,0,0,0,0,0,0,1,0,0,0,0,0,1,0,0,0,0,3,0,0,0,0,0,1,0,0,0,0,0,0,0,1,0,0,0,0,0,11,0,0,0,0,0,0,0,1,1,0,0,0,0,0
Malaysia,0,0,0,0,0,0,0,0,0,0,0,0,0,0,0,0,0,0,0,1,0,0,0,0,0,0,0,0,0,0,0,0,0,0,0,0,0,0,0,0,0,0,0,0,0,0,0,1,0,0,0,0,0,0,0,0,0,0,0,0,0,0,0,0,0,0,0,0,0,1,0,0,9,0,0,0,0,1,0,1,1,0,0,0,1,0,0,2,0,0,2,0,0,0,0,0,0,0,1,0,1,1,0,0,1,0,0,0,0,0,0,2,0,0,1,0,0,0,0,3
Maldives,0,0,0,0,0,0,0,0,1,0,0,0,0,0,0,0,0,0,1,0,0,0,0,1,1,1,2,0,1,0,2,3,0,0,1,0,0,3,1,0,1,0,1,0,0,0,0,0,1,0,0,1,1,1,2,2,0,0,0,0,1,1,1,4,1,0,1,0,2,9,2,3,1,2,5,10,12,5,2,29,14,10,5,5,8,4,4,4,5,6,5,8,3,3,3,7,6,4,10,11,6,6,3,16,12,16,7,6,5,4,13,4,2,4,2,10,4,10,5,3
Malta,0,0,0,0,0,0,0,0,0,0,0,0,0,0,0,0,0,0,0,0,0,0,0,0,0,0,0,0,0,0,0,0,0,0,0,0,0,0,0,0,0,0,0,0,0,0,0,0,0,0,0,0,0,0,0,0,0,0,0,0,0,0,0,0,0,0,0,0,0,0,0,0,0,0,0,0,0,0,0,0,0,0,0,0,0,0,0,0,1,0,0,0,0,0,0,0,0,0,0,0,0,0,0,0,0,0,0,0,0,0,0,0,0,0,0,0,0,0,0,8
Marshall Islands,0,0,0,0,0,0,0,0,0,0,0,0,0,0,0,0,0,0,0,0,0,0,0,0,0,0,0,0,0,0,0,0,0,0,0,0,0,0,0,0,0,0,0,0,0,0,0,0,0,0,0,0,0,0,0,0,0,0,0,0,0,0,0,0,0,0,0,0,0,0,0,0,0,0,0,0,0,0,1,0,0,0,0,0,0,0,0,0,1,0,0,0,1,0,0,0,0,0,0,0,1,1,0,0,0,0,0,0,0,0,0,0,0,0,0,0,0,0,0,0
Martinique,0,0,0,0,0,0,0,0,0,0,0,0,0,0,0,0,0,0,0,0,0,0,0,0,0,0,0,0,0,0,0,0,0,0,0,0,0,0,0,0,0,0,1,0,0,0,0,0,0,0,0,0,0,0,0,0,0,0,0,0,1,0,0,0,0,0,0,0,0,0,1,0,0,0,0,0,0,0,1,1,0,0,0,0,1,0,1,0,0,0,0,1,0,0,0,1,0,0,0,0,0,0,0,2,1,1,0,1,0,0,1,1,0,1,1,0,0,0,0,0
Mauritius,0,0,1,0,0,0,0,0,0,0,0,0,0,0,0,0,0,0,1,0,0,0,1,1,0,1,1,0,2,0,0,0,1,2,0,2,0,0,0,0,1,0,1,1,0,1,2,0,2,0,0,3,0,0,3,0,2,0,0,1,1,0,0,0,1,0,2,0,1,5,3,1,9,4,15,9,4,7,7,7,19,18,8,5,9,8,13,4,12,7,8,7,8,12,8,12,11,11,8,8,6,9,12,18,20,22,24,22,6,11,9,14,11,14,14,11,16,7,6,11
Mayotte,0,0,0,0,0,0,0,0,0,0,0,0,0,0,0,0,0,0,0,0,0,0,0,0,0,0,0,0,0,0,0,0,0,0,0,0,0,0,0,0,0,0,0,0,0,0,0,0,1,0,0,0,0,0,0,0,0,0,0,0,0,0,0,0,0,0,0,0,0,0,0,0,0,0,0,0,0,0,0,0,0,0,0,0,0,0,0,0,0,2,0,0,0,0,0,0,0,0,0,0,0,0,0,1,0,0,0,1,0,0,0,0,0,0,15,4,1,0,0,0
Mexico,0,2,2,2,3,1,1,4,2,1,2,1,1,4,3,4,6,3,2,1,2,6,2,5,21,7,5,16,17,11,8,5,5,7,7,2,1,6,3,4,4,3,2,3,5,3,10,6,6,4,10,7,6,11,9,10,4,4,3,4,7,15,10,9,15,19,18,13,12,30,12,27,15,6,25,27,17,17,22,27,33,22,27,20,23,24,21,22,18,31,23,27,26,24,21,15,20,27,34,21,31,16,36,47,35,51,43,39,46,26,26,30,33,67,28,22,30,21,33,46
"Micronesia, Federated States of",0,0,0,0,0,0,0,1,1,1,0,0,0,2,0,2,0,0,0,0,0,1,1,0,1,2,2,1,1,1,0,2,5,0,0,1,1,0,1,1,0,0,0,0,0,0,1,0,1,1,0,0,0,0,0,1,0,0,1,0,1,1,1,6,4,1,0,1,0,5,6,1,1,1,2,3,4,8,3,4,13,9,10,3,6,0,6,1,3,5,4,3,5,2,2,6,4,1,7,5,6,13,6,11,8,3,28,4,3,4,5,3,11,11,3,2,12,6,5,14
Mongolia,0,5,0,0,0,0,0,0,0,0,0,1,0,0,0,0,1,0,0,1,0,0,1,0,0,0,1,1,1,0,0,0,1,0,4,2,0,0,0,0,0,0,0,0,0,2,3,2,0,0,0,0,0,5,4,0,2,1,0,3,0,1,2,15,0,1,4,0,1,0,6,2,0,0,1,0,0,0,1,0,1,0,0,1,2,1,1,1,0,0,0,0,1,0,2,0,0,1,1,1,0,3,3,0,2,0,1,3,1,0,0,0,0,0,0,1,1,7,1,0
Montenegro,0,2,0,0,0,0,0,0,0,0,0,0,0,0,0,0,0,0,0,0,0,0,0,0,0,0,0,0,1,0,0,0,0,0,0,0,0,0,0,0,0,0,0,0,1,0,0,0,0,0,0,0,0,0,0,1,0,0,0,0,0,0,2,0,0,0,0,0,0,0,0,0,0,0,0,7,0,0,0,1,0,0,0,0,0,0,1,0,0,0,0,0,0,0,0,0,0,0,0,0,0,0,0,0,0,1,0,0,0,0,0,0,0,0,1,0,0,0,0,0
Montserrat,0,0,0,0,0,0,0,0,0,0,0,0,0,0,0,0,0,0,0,0,0,0,0,0,0,0,0,0,0,0,0,0,0,0,0,0,0,0,0,0,0,0,0,0,0,0,0,0,0,0,0,0,0,0,0,0,0,0,0,0,0,0,0,0,0,0,0,0,0,0,0,0,0,0,0,0,0,0,0,0,0,1,1,0,0,0,1,0,0,0,0,0,0,0,0,0,0,0,0,0,0,0,0,0,0,0,0,0,0,0,0,0,0,0,0,0,0,0,0,0
Morocco,0,0,0,0,0,0,0,0,0,0,0,0,0,0,0,0,0,0,0,1,0,0,2,1,0,0,2,0,0,0,0,0,0,0,0,0,0,0,0,0,0,0,0,0,0,0,0,0,0,0,0,0,0,0,0,0,0,0,0,0,1,0,0,1,0,0,1,0,0,0,0,0,0,0,0,0,0,0,0,0,0,0,1,0,0,0,0,0,3,1,1,0,0,0,0,0,0,0,0,0,5,0,0,0,0,0,0,0,0,0,0,0,8,0,0,1,0,1,1,5
Mozambique,0,0,0,0,0,0,0,0,0,0,0,1,0,0,0,0,0,0,0,0,0,0,0,0,0,0,0,0,0,0,0,0,0,0,1,0,1,0,0,0,0,0,0,0,0,0,1,1,0,0,0,0,0,0,0,0,0,0,0,0,0,0,0,0,0,0,0,0,0,0,0,1,1,0,0,0,2,2,0,2,0,0,0,0,0,1,0,1,0,0,0,2,1,0,0,0,0,0,1,0,0,0,0,1,0,0,0,1,1,0,0,1,0,2,1,0,0,0,0,0
Myanmar,0,1,1,0,1,0,0,0,1,0,1,0,0,0,1,0,0,0,1,1,0,0,1,1,0,1,4,9,2,1,0,1,3,0,1,0,1,0,1,1,0,0,4,3,1,0,2,0,0,0,0,1,3,2,3,1,1,0,2,0,5,1,3,3,0,1,1,8,1,3,1,11,3,1,6,5,3,4,2,7,4,5,6,4,4,8,3,6,6,1,7,3,4,3,1,2,4,2,4,9,4,4,3,7,4,3,4,3,8,6,5,1,4,3,11,4,4,5,6,5
Namibia,0,0,0,0,0,0,0,0,0,0,0,0,0,0,0,0,0,0,0,0,0,0,0,0,0,0,0,0,0,0,0,0,0,0,0,0,0,0,0,0,0,0,0,0,0,0,0,0,0,0,0,0,0,0,0,0,0,0,0,0,0,0,0,0,0,0,0,0,0,0,0,0,0,0,0,0,0,0,0,1,0,0,0,0,0,0,0,0,1,0,0,0,0,1,0,0,0,0,0,0,0,0,0,0,0,0,0,0,0,0,0,0,0,0,2,0,0,1,1,0
Nauru,0,0,0,0,0,0,0,0,0,0,0,0,0,0,0,0,0,0,0,0,0,0,0,0,0,0,0,0,0,0,0,0,0,0,0,0,0,0,0,0,0,0,0,0,0,0,0,0,0,0,0,0,0,0,0,0,0,0,0,0,0,0,0,0,0,0,0,0,0,0,0,0,0,0,0,0,0,0,0,0,0,0,1,0,0,0,0,0,0,0,0,0,0,0,0,0,0,0,0,0,1,0,0,0,0,0,0,0,0,0,0,0,0,0,0,0,0,0,0,1
Nepal,0,0,0,0,0,0,0,0,0,0,0,0,3,0,1,0,0,0,0,0,0,0,1,1,0,0,0,0,0,0,1,0,2,1,1,0,0,0,0,0,0,1,0,0,0,0,0,0,0,2,1,0,0,0,0,0,1,0,0,0,2,2,10,1,1,0,3,0,0,2,2,4,1,1,2,1,3,1,0,0,3,0,0,1,3,1,0,1,1,2,1,0,2,3,1,0,0,4,0,0,0,1,1,1,1,0,0,1,1,3,0,33,4,1,0,1,1,1,2,18
Netherlands,0,0,0,0,0,0,0,0,0,0,0,0,0,0,0,0,0,0,0,0,0,0,0,0,0,0,0,0,1,0,0,0,0,0,0,0,0,0,0,0,0,0,0,0,0,0,0,0,0,0,0,0,0,0,0,0,0,0,0,0,0,0,0,0,0,0,0,0,0,0,0,0,0,0,0,0,0,0,0,0,0,0,0,0,0,0,0,0,0,0,0,0,0,0,0,0,0,0,0,0,0,0,0,0,0,0,0,0,0,0,0,0,0,0,0,0,0,0,0,0
New Caledonia,0,3,2,1,0,1,2,1,0,1,0,0,0,0,0,0,0,0,2,1,0,1,4,0,3,0,0,1,0,0,2,0,3,0,3,0,1,0,0,4,2,3,1,2,0,1,0,0,1,2,0,0,1,0,1,1,0,6,1,1,1,0,4,3,0,0,1,1,2,2,12,1,9,12,7,11,53,37,11,13,2,3,4,5,7,5,6,6,5,13,4,49,6,3,8,11,7,6,9,34,44,22,3,51,12,30,11,26,10,4,3,5,7,64,92,15,4,109,25,117
New Zealand,0,0,0,0,0,0,0,0,0,0,2,0,0,3,1,1,0,1,2,0,3,0,2,4,4,8,4,11,3,2,2,1,3,4,7,2,1,0,5,4,0,2,2,6,3,2,5,4,1,1,3,1,4,3,5,0,4,4,3,3,4,9,5,6,7,2,6,3,7,31,24,21,32,21,14,28,23,29,22,24,40,51,25,39,45,55,31,34,44,18,24,45,19,23,26,23,22,37,20,36,44,48,43,66,45,40,44,65,39,29,25,39,91,33,19,34,44,67,43,38
Nicaragua,0,0,1,2,0,0,0,0,0,0,0,0,0,0,0,1,0,1,1,0,0,0,2,0,1,0,1,1,1,0,1,1,0,0,2,1,0,1,1,0,0,0,0,1,0,0,0,2,3,0,5,2,3,1,2,4,0,2,0,1,2,0,0,1,0,3,3,1,3,4,5,1,2,4,7,3,2,3,3,4,9,6,1,6,5,5,9,1,28,7,5,4,9,5,3,8,7,4,8,2,9,13,4,6,5,4,4,11,3,5,8,3,7,3,6,4,8,10,11,2
Niue,0,0,0,0,0,0,0,0,0,0,0,0,0,0,0,0,0,0,0,0,0,0,0,0,0,0,0,0,0,0,0,0,0,0,0,0,0,0,0,0,0,0,0,0,0,0,0,0,0,0,0,0,0,0,0,0,0,0,0,0,0,0,0,0,0,0,0,0,0,0,0,0,1,0,0,0,1,0,0,0,0,0,1,0,0,0,1,0,1,0,0,0,0,0,0,0,0,0,0,0,0,0,0,0,0,0,0,0,0,0,0,0,0,1,0,0,0,0,0,1
North Macedonia,0,1,0,1,0,0,0,0,2,0,0,0,0,0,0,0,1,2,1,0,0,0,0,0,0,1,0,2,0,0,0,0,0,0,0,0,0,0,1,0,0,0,0,0,0,0,0,0,1,0,0,0,0,0,1,1,1,0,0,1,0,0,0,0,0,0,0,0,0,0,1,0,0,0,0,0,0,0,0,0,0,1,0,0,0,0,0,0,0,0,2,0,0,0,0,0,0,0,0,0,0,0,0,0,0,1,0,0,0,0,0,0,1,0,0,0,1,0,0,0
Northern Mariana Islands,0,0,0,0,0,0,0,0,0,1,0,0,0,1,0,1,1,1,0,0,0,0,1,1,1,1,2,8,1,0,2,2,3,1,2,2,4,4,1,0,1,0,1,5,2,1,0,2,1,1,3,1,1,3,2,0,1,2,1,0,3,4,9,4,1,4,6,1,3,17,20,11,28,19,24,20,13,19,23,15,22,16,21,42,18,16,78,13,13,15,23,19,10,24,15,7,21,15,7,6,20,13,16,31,27,19,16,12,15,20,11,24,26,22,31,21,17,27,28,80
Norway,0,0,0,0,0,0,0,0,0,0,0,0,0,0,0,0,0,0,0,0,1,0,0,4,0,1,0,0,0,1,1,2,2,1,0,0,0,0,0,0,0,1,0,0,0,0,0,0,1,0,0,0,1,0,1,1,0,0,0,0,0,0,0,1,0,0,0,0,0,2,1,3,2,1,1,0,0,1,1,4,4,0,1,0,1,1,3,1,0,0,0,1,0,1,0,3,0,0,3,3,0,0,0,3,0,0,3,1,3,0,2,5,0,2,1,0,0,1,2,0
Oman,0,0,0,0,0,0,0,0,0,0,0,0,0,0,0,0,0,0,0,0,0,0,0,0,0,0,0,1,0,0,0,1,0,1,0,1,0,0,0,0,0,0,0,0,0,0,0,0,1,0,0,0,0,0,0,0,0,0,0,0,0,0,1,0,0,0,0,1,0,0,0,2,0,0,0,0,0,0,0,1,0,1,0,1,0,0,1,0,0,0,0,0,1,0,0,0,0,0,2,0,0,0,0,0,0,1,0,0,0,0,1,1,1,0,0,0,0,0,1,1
Pakistan,0,0,0,1,0,1,0,0,1,0,3,0,0,0,0,2,1,0,0,1,0,0,0,3,7,0,1,15,1,1,1,5,4,1,4,0,1,2,3,4,0,2,3,1,2,3,2,1,4,2,0,3,1,0,0,0,0,0,2,2,0,3,23,1,3,3,1,7,30,10,7,5,2,4,6,0,4,5,6,0,8,8,2,1,2,0,10,3,13,7,2,1,3,11,4,7,2,3,7,1,5,48,4,4,8,7,10,4,4,11,3,10,4,4,2,6,4,4,3,2
Palau,0,0,0,0,0,0,0,0,0,0,0,0,0,0,0,0,0,0,0,0,0,0,0,0,2,0,1,1,0,0,0,0,0,0,1,0,0,0,0,0,0,0,0,0,0,0,0,0,0,0,0,0,0,0,0,0,0,0,2,0,0,0,0,1,0,0,0,1,0,0,1,0,1,1,0,0,0,0,1,0,0,0,0,1,0,0,1,0,0,1,0,1,0,0,0,0,0,1,0,1,0,0,0,0,1,0,2,2,0,0,1,0,2,1,1,3,1,0,0,0
"Palestine, State of",0,0,0,0,0,0,0,0,0,0,0,0,0,0,0,0,0,0,0,0,0,0,0,0,0,0,0,0,0,0,0,0,0,0,0,0,0,0,0,0,0,0,0,0,0,0,0,0,0,0,0,0,1,0,0,0,0,0,0,0,0,0,0,0,0,0,0,0,0,0,0,0,0,0,0,0,0,0,0,0,0,0,0,0,0,0,0,0,0,0,0,0,0,0,0,0,0,0,0,0,1,0,0,0,0,0,0,0,0,0,0,0,0,0,0,0,0,0,0,0
Panama,1,0,1,0,0,0,0,0,0,1,1,0,1,1,1,0,2,1,0,0,0,2,0,4,2,1,2,1,0,7,5,3,1,0,0,2,3,2,0,2,0,2,0,0,1,1,0,2,6,1,1,0,2,2,3,3,2,3,6,1,1,4,1,2,2,2,3,1,1,5,21,9,30,4,4,14,8,2,2,13,2,6,3,8,2,3,6,9,6,3,1,3,2,5,3,4,4,5,8,7,8,11,11,6,12,8,9,11,2,5,11,6,1,5,10,4,6,12,6,16
Papua New Guinea,0,4,4,6,0,1,2,0,0,7,1,0,3,4,11,5,5,1,1,2,4,3,10,8,9,5,11,11,8,5,16,13,11,10,13,14,5,7,8,6,7,10,6,3,8,9,5,6,12,11,10,5,9,8,18,12,12,6,6,17,24,28,10,26,26,13,25,71,45,87,115,153,107,90,97,89,73,80,80,107,109,134,76,127,99,82,100,106,119,101,67,87,100,57,63,105,254,89,103,81,53,76,117,163,78,85,125,105,85,96,169,151,122,76,184,99,82,83,82,165
Peru,0,1,1,0,0,0,0,0,1,2,1,0,2,0,0,1,2,2,4,0,1,4,2,3,9,0,2,4,2,1,0,0,0,2,0,0,3,0,5,3,1,1,1,2,5,1,2,2,1,4,0,1,1,1,4,2,3,1,3,9,4,11,9,7,39,23,39,20,10,18,27,29,31,25,26,33,27,23,23,32,32,23,13,33,32,24,31,35,18,11,22,17,43,19,25,14,16,98,23,16,20,29,20,68,21,22,31,20,20,19,26,18,20,25,20,22,25,27,33,34
Philippines,0,2,4,8,1,0,2,1,1,11,0,4,3,7,9,7,3,3,6,4,7,11,9,17,12,26,6,12,10,10,15,17,13,9,11,8,11,4,12,7,3,5,2,7,7,5,5,3,6,3,11,7,9,11,7,6,3,2,5,7,7,19,11,8,20,15,39,17,30,81,37,93,129,110,72,71,100,65,51,64,75,67,58,64,69,100,129,89,45,58,52,82,148,50,39,49,44,39,42,55,45,33,53,63,77,59,70,48,82,50,68,32,47,52,40,99,53,50,78,138
Pitcairn,0,0,0,0,0,0,0,0,0,0,0,0,0,0,0,0,0,0,0,0,0,0,0,0,0,2,2,0,2,0,1,0,0,0,0,0,1,0,0,1,0,0,0,0,0,0,0,1,0,1,1,1,0,1,2,2,0,0,1,1,0,2,1,1,0,1,2,0,1,6,3,2,1,4,8,6,0,2,8,2,9,6,8,4,3,6,4,9,4,5,5,9,1,10,11,8,6,17,12,10,12,16,12,26,28,22,32,13,8,11,13,11,19,15,16,8,16,13,12,21
Poland,0,0,0,0,0,0,0,0,0,0,0,0,0,0,0,0,0,0,0,0,0,0,0,0,0,0,0,0,0,0,0,0,0,0,0,0,0,0,0,0,0,0,0,0,0,0,0,0,0,0,0,0,0,0,0,0,0,0,0,0,0,0,0,0,0,0,0,0,0,0,0,0,0,1,0,0,0,0,0,2,0,0,0,0,0,1,0,0,0,0,0,0,0,0,0,0,0,0,0,0,0,0,0,0,0,0,1,0,0,0,0,0,0,0,0,0,1,0,0,0
Portugal,0,0,2,1,0,1,1,0,0,1,0,1,0,1,1,0,1,1,2,3,4,1,6,3,2,2,2,3,4,4,2,3,5,4,0,6,1,4,3,2,0,2,1,3,0,2,4,1,2,3,1,3,4,5,4,5,2,1,3,1,4,1,1,1,1,3,4,0,2,4,9,8,1,3,1,7,4,4,11,7,7,5,10,6,8,9,4,8,4,5,4,9,13,16,5,2,5,9,4,18,8,2,7,35,11,10,11,10,2,5,11,5,15,13,4,10,5,10,16,21
Puerto Rico,0,0,0,0,0,0,0,0,0,0,0,1,0,1,7,0,1,0,0,0,0,0,0,0,0,0,0,0,0,0,0,0,0,0,0,1,0,0,0,3,0,0,0,0,0,0,0,0,0,0,1,0,0,0,0,1,0,0,0,0,0,0,0,0,0,0,0,0,0,0,0,1,0,1,0,0,0,0,0,1,0,0,0,0,1,0,0,1,1,1,0,0,0,0,0,1,1,0,0,1,1,0,0,0,3,3,2,2,0,0,1,0,0,0,0,1,5,0,0,0
Romania,0,0,0,0,0,0,0,0,0,0,0,0,1,0,0,1,0,0,0,0,0,0,0,0,0,1,0,0,1,0,1,0,1,0,0,0,2,0,0,0,0,1,0,0,0,0,0,0,0,0,0,0,0,0,0,1,1,0,0,0,0,0,0,0,0,1,0,0,0,1,2,0,1,1,1,1,0,1,0,0,0,1,1,0,0,0,1,3,1,1,0,0,0,0,1,1,1,2,0,0,1,2,0,0,0,1,0,0,0,1,1,0,2,0,1,0,0,0,1,2
Russian Federation,2,1,4,4,0,2,0,2,4,4,6,8,3,5,2,3,2,6,7,16,8,13,8,16,10,8,9,19,3,9,9,7,11,6,9,11,20,6,1,9,3,7,6,5,13,3,2,25,78,48,26,21,17,23,30,25,15,19,12,24,22,106,25,24,33,72,51,34,31,110,63,150,71,71,62,37,60,64,46,81,68,61,54,74,77,61,51,77,67,59,203,64,82,103,42,88,49,40,39,99,33,62,188,88,60,56,48,42,58,93,43,32,43,60,55,47,31,51,40,63
Rwanda,0,0,0,0,0,0,0,0,0,0,0,0,0,0,0,0,0,0,0,0,0,0,0,0,0,0,0,0,0,0,0,0,0,0,0,0,0,0,0,0,0,0,0,0,0,0,0,0,0,0,0,0,0,0,0,0,0,0,0,0,0,1,0,0,0,0,0,0,0,0,0,0,0,1,0,0,0,0,0,0,0,1,0,0,0,0,0,0,0,0,0,0,0,0,0,0,0,0,1,1,0,0,0,0,3,0,0,0,0,0,0,2,0,0,0,0,0,0,0,0
Réunion,0,0,0,0,0,0,0,0,0,0,0,0,0,0,0,0,0,0,0,1,0,6,4,8,4,5,2,0,0,3,0,0,0,0,0,0,0,0,0,1,0,0,0,0,0,1,0,1,0,0,0,0,0,1,0,0,0,0,0,0,1,0,0,0,0,0,0,0,0,0,1,0,0,2,1,2,3,3,9,5,1,3,4,3,4,0,1,1,0,1,0,0,2,2,0,1,1,2,2,1,0,2,1,2,0,1,1,1,1,4,1,0,7,0,12,6,3,2,1,17
Saint Barthélemy,0,0,0,0,0,0,0,0,0,0,0,0,0,0,0,0,0,0,0,0,0,0,0,0,0,0,0,0,0,0,0,0,0,0,0,0,0,0,0,0,0,0,0,0,0,0,0,0,0,0,0,0,0,0,0,0,0,0,0,0,0,0,0,0,0,0,0,0,0,0,0,0,0,0,0,0,0,0,0,0,0,0,0,0,0,0,1,0,0,0,1,0,0,0,0,0,0,0,0,0,0,0,0,0,0,0,0,0,0,0,0,0,0,0,0,0,0,0,0,0
"Saint Helena, Ascension and Tristan da Cunha",0,0,0,0,0,0,0,0,0,0,1,1,0,5,3,1,3,0,1,1,0,6,1,0,6,4,1,1,3,3,1,1,1,0,0,4,2,2,2,1,0,0,3,2,1,3,1,1,3,6,4,3,2,1,3,1,6,7,5,4,3,4,3,1,5,2,3,4,0,13,16,9,13,22,9,13,12,21,24,19,18,21,19,17,23,18,21,9,27,21,16,12,20,17,22,14,16,16,22,25,30,16,30,36,38,39,35,46,22,21,18,33,29,32,37,28,30,39,46,32
Saint Kitts and Nevis,0,0,0,0,0,0,0,0,0,0,0,0,0,0,0,0,0,0,0,0,0,0,0,0,0,0,0,0,0,0,0,1,0,0,0,0,0,0,0,0,0,0,0,0,0,0,0,0,0,0,0,0,0,0,0,0,0,0,0,0,0,0,0,0,0,0,0,0,0,0,0,0,0,0,0,0,0,0,0,0,0,3,0,0,0,0,0,0,0,0,0,0,0,0,0,0,0,0,0,0,0,0,0,0,0,0,0,0,0,0,0,0,0,0,0,0,0,0,0,0
Saint Lucia,0,0,0,0,0,0,0,0,0,0,0,0,0,0,0,0,0,0,0,0,0,0,0,0,0,0,0,0,0,0,0,0,0,0,0,0,0,0,0,0,0,0,0,0,0,0,0,0,0,1,0,0,0,0,0,0,0,0,0,0,0,0,0,0,0,0,0,0,0,0,0,0,0,0,0,0,0,0,1,0,0,0,0,0,0,0,0,0,0,0,0,0,0,0,0,0,0,0,0,0,0,0,0,0,0,0,0,0,0,0,1,0,0,0,0,0,0,0,0,0
Saint Pierre and Miquelon,0,0,0,0,0,0,0,0,0,0,0,0,0,0,0,0,0,0,0,0,0,0,0,0,0,1,0,0,0,0,0,0,0,0,0,0,0,0,0,0,0,0,0,0,0,0,0,0,0,0,0,0,0,0,0,0,0,0,0,0,0,0,0,0,0,0,0,0,0,0,0,1,0,0,0,0,0,0,0,0,0,0,0,0,0,0,0,0,0,0,0,0,0,0,0,0,0,0,0,0,0,0,0,0,0,0,0,0,0,0,0,0,0,0,0,0,0,0,0,0
Saint Vincent and the Grenadines,0,0,0,0,0,0,0,0,0,0,0,0,0,0,0,0,0,0,0,0,0,0,0,0,0,0,0,0,0,0,0,0,0,0,0,0,1,0,0,0,0,0,0,0,0,0,0,0,0,0,0,0,0,0,0,0,0,0,0,0,0,0,0,0,0,0,0,0,0,0,0,0,0,0,0,0,0,0,0,0,0,0,0,0,0,0,0,0,0,0,0,0,0,0,0,0,0,0,0,0,0,0,0,0,0,0,0,0,0,0,0,0,0,0,0,0,0,0,0,0
Samoa,0,0,0,0,0,0,0,0,0,0,0,0,0,1,0,1,0,0,0,0,0,0,0,1,0,0,0,0,0,2,0,0,0,0,0,0,1,1,0,0,0,0,0,1,1,0,1,0,1,0,1,0,1,0,0,0,0,0,0,0,1,0,0,1,0,0,0,0,0,1,1,7,3,1,0,0,0,0,2,0,2,0,0,0,1,1,3,0,0,2,2,0,0,0,0,1,0,1,0,0,0,2,0,1,0,10,1,0,0,0,1,1,1,3,2,1,0,1,1,0
Sao Tome and Principe,0,0,0,0,0,0,0,0,0,0,0,0,0,0,0,0,0,0,0,0,0,0,0,0,0,0,0,0,0,0,0,0,0,0,0,0,0,0,0,0,0,0,0,0,0,0,0,0,0,0,0,0,0,0,0,0,0,0,0,0,0,0,0,0,0,0,0,0,0,0,0,0,0,0,0,0,0,0,0,0,0,0,0,0,0,0,0,0,0,0,0,0,0,0,0,0,0,0,0,0,0,0,0,0,0,0,0,0,0,0,0,0,0,0,0,1,0,0,0,0
Saudi Arabia,0,0,0,0,0,0,0,0,0,0,0,0,0,0,0,0,0,0,0,0,0,0,0,0,0,0,0,0,0,0,0,0,0,0,0,0,0,0,0,0,0,0,0,0,0,0,0,0,0,0,0,0,0,0,0,0,0,0,0,0,0,0,0,0,0,0,0,0,0,0,1,0,0,0,0,0,0,0,0,0,0,0,0,0,1,0,0,0,0,0,0,0,0,0,0,0,0,1,0,0,0,0,0,0,0,3,0,0,0,1,0,0,0,0,0,1,0,0,0,0
Senegal,0,0,0,0,0,0,0,0,0,0,0,0,0,0,0,0,0,0,0,0,0,0,0,0,0,0,0,0,0,0,0,0,0,0,0,0,0,0,0,0,0,0,0,0,0,0,0,0,0,0,0,0,0,0,0,0,0,0,0,0,0,0,0,0,0,0,0,0,0,0,0,0,0,0,0,0,0,0,0,0,0,0,1,0,0,0,0,0,0,0,0,0,0,0,0,0,0,0,0,0,0,0,0,0,0,0,0,0,0,0,0,0,0,0,0,0,0,0,0,0
Serbia,0,0,0,1,0,0,0,0,0,0,0,0,0,0,0,0,0,0,2,0,0,0,0,2,0,0,0,0,0,0,0,0,0,0,0,0,0,0,0,0,0,0,0,0,0,1,0,0,0,0,0,0,0,0,0,0,0,0,0,0,0,0,0,0,0,0,0,0,1,0,0,0,0,0,1,0,1,0,0,0,1,1,0,1,0,0,0,1,0,0,0,0,0,0,1,1,0,0,0,0,0,0,0,0,0,0,1,0,0,0,0,0,0,0,0,0,0,0,0,0
Seychelles,0,0,0,0,0,0,0,0,0,0,0,0,0,0,0,0,0,0,0,0,0,0,0,0,1,0,0,0,1,0,0,0,0,0,0,0,0,0,0,0,0,0,0,0,0,0,0,0,0,0,0,0,0,0,0,0,0,0,0,0,0,0,0,0,0,0,0,0,0,0,0,0,0,0,0,0,0,0,0,0,0,0,0,0,0,0,0,0,0,0,0,1,0,0,0,0,0,0,0,1,0,0,0,0,0,0,0,0,0,0,0,0,0,0,0,0,0,0,0,0
Sierra Leone,0,0,0,0,0,0,0,0,0,0,0,0,0,0,0,0,0,0,0,0,0,0,0,0,0,0,0,0,0,0,0,0,0,0,0,1,0,0,0,0,0,0,0,0,0,0,0,0,0,0,0,0,0,0,0,0,0,0,0,0,0,0,0,0,0,0,0,0,0,0,0,0,0,0,0,0,0,0,0,0,0,1,0,0,0,0,0,0,0,0,0,0,0,0,0,0,0,0,0,0,0,0,0,0,0,0,0,0,0,0,0,0,0,0,0,0,0,0,0,0
Slovakia,0,0,1,0,0,0,0,0,0,0,0,0,0,0,0,0,0,1,0,0,0,0,0,0,0,0,1,0,0,0,0,0,0,0,0,0,0,0,0,0,0,0,0,0,0,0,0,0,0,0,0,0,0,0,0,0,0,0,0,0,0,0,0,0,0,0,0,0,0,0,0,0,0,0,0,0,0,0,0,0,0,0,0,0,0,0,0,0,0,0,0,0,0,0,0,0,0,0,0,0,0,0,0,0,0,0,0,0,0,0,0,0,0,0,0,0,0,0,0,2
Slovenia,0,0,0,0,0,0,0,0,0,0,0,0,0,0,0,0,0,0,0,0,0,1,1,0,0,0,0,0,0,0,0,0,0,0,0,0,0,0,0,0,0,0,0,0,0,0,0,0,0,0,0,0,0,0,0,0,0,0,0,1,0,0,0,0,0,0,0,0,0,0,0,0,0,0,0,0,0,0,0,0,0,0,0,0,0,0,0,0,0,1,0,0,0,0,1,0,0,0,0,0,1,0,0,0,0,0,0,0,0,0,0,0,0,0,0,0,0,0,0,0
Solomon Islands,0,1,1,0,0,1,1,1,0,1,2,0,0,0,4,2,3,1,1,0,0,1,12,0,5,5,4,14,2,5,12,5,7,5,3,5,1,1,1,1,1,0,1,3,0,0,6,0,4,2,4,3,0,3,1,9,6,3,3,5,4,7,10,17,11,12,11,11,12,27,35,33,31,89,48,51,42,24,34,34,35,32,33,27,45,27,24,39,37,40,35,23,30,30,19,32,44,35,37,25,49,21,24,99,47,70,75,33,35,231,68,49,94,40,26,29,33,30,36,61
Somalia,0,0,0,0,0,0,0,0,0,0,0,0,0,0,0,0,0,0,0,1,0,0,0,0,0,1,2,1,0,0,0,0,0,0,2,0,2,0,0,0,0,0,0,1,0,0,1,1,0,0,0,0,0,0,0,0,0,0,0,0,0,0,0,0,0,0,0,0,0,2,0,1,0,1,3,1,2,1,2,0,0,0,0,0,0,1,0,1,1,1,0,0,0,0,1,0,0,1,0,1,0,0,1,1,0,1,1,1,0,0,0,1,0,0,0,1,0,0,0,8
South Africa,0,0,0,0,0,0,0,0,1,0,0,0,0,0,0,0,1,0,0,0,1,0,1,3,2,0,0,1,0,1,0,0,0,0,2,0,0,2,1,0,0,0,0,0,0,0,1,0,1,2,0,0,2,1,1,1,0,1,0,0,1,3,1,1,3,4,1,1,0,14,10,4,6,3,4,6,3,4,7,9,9,5,17,5,3,4,4,3,5,7,3,3,7,12,7,4,10,9,10,5,12,15,10,10,10,17,6,6,7,13,11,9,13,12,14,13,14,13,6,13
South Georgia and the South Sandwich Islands,0,0,0,0,0,0,1,0,0,0,0,0,0,0,0,0,0,1,0,1,0,1,3,2,3,10,5,0,0,4,1,2,1,1,1,0,0,0,0,8,0,0,1,2,2,1,4,3,3,2,0,1,0,1,2,6,9,8,2,6,7,11,12,11,4,9,6,6,9,59,44,24,17,38,29,30,21,27,29,37,27,39,43,53,27,29,28,35,36,52,21,30,17,25,31,17,16,19,33,36,29,35,41,38,45,36,46,46,36,63,59,32,84,66,65,40,53,310,126,100
South Sudan,0,0,0,0,0,0,0,0,0,0,0,1,0,0,0,0,0,0,0,0,0,0,0,0,0,0,0,0,0,0,0,0,0,0,0,0,0,0,0,0,0,0,0,0,0,0,0,0,0,0,0,0,0,0,0,0,0,0,0,0,0,0,0,0,0,0,0,0,0,0,0,0,0,0,0,0,0,0,1,0,0,0,0,0,0,0,13,2,0,0,0,0,0,0,0,0,0,0,0,0,0,0,0,0,0,0,0,0,0,0,0,0,0,0,0,0,0,0,0,0
Spain,0,0,0,0,0,0,2,0,0,0,0,0,0,0,0,3,0,1,0,2,0,0,0,1,0,1,1,0,1,0,0,0,0,0,0,0,0,0,0,0,0,0,0,0,0,0,0,2,0,0,1,0,0,1,0,3,0,0,0,0,1,0,0,0,0,0,0,0,0,0,0,1,2,1,2,1,0,0,0,0,0,0,0,0,0,1,0,0,0,1,1,2,0,3,0,0,0,0,1,0,0,0,0,0,0,0,1,0,0,1,0,0,0,0,0,0,0,0,0,0
Sri Lanka,0,0,0,0,0,0,0,0,0,1,0,0,0,0,1,1,0,0,0,0,0,0,0,0,0,0,0,0,0,0,0,0,0,0,0,0,0,0,0,0,0,0,0,0,0,0,0,1,0,0,0,0,0,0,0,0,0,0,0,0,0,0,0,0,0,0,1,0,0,1,0,0,0,1,1,0,0,1,0,1,1,0,1,2,0,1,0,2,2,0,0,0,0,1,0,0,0,1,1,0,0,0,0,1,0,0,1,0,0,0,1,0,0,0,0,1,0,1,0,0
Sudan,0,0,0,0,0,0,0,0,0,0,0,0,0,0,0,0,0,0,0,0,0,0,0,0,0,0,0,1,0,0,0,0,0,0,1,0,0,0,0,0,0,0,0,0,0,0,0,0,0,0,0,0,0,0,0,0,0,0,0,0,0,0,1,1,0,0,0,0,0,0,0,0,0,0,0,0,0,0,0,0,0,0,0,0,0,0,0,0,0,12,0,0,1,0,0,0,0,0,0,0,0,0,0,0,0,0,1,0,0,1,0,0,0,0,0,0,0,0,0,0
Svalbard and Jan Mayen,0,0,1,0,1,0,0,0,0,0,0,1,0,2,1,1,0,0,1,1,0,0,1,2,0,3,1,0,0,1,1,3,3,1,3,0,1,3,0,2,2,2,1,0,1,2,0,1,1,1,3,3,1,1,0,3,1,1,0,0,0,0,1,3,0,0,2,1,4,4,2,3,6,1,1,2,0,2,1,1,3,8,1,1,2,6,1,3,6,3,3,4,2,3,4,3,6,5,1,4,2,6,6,1,7,9,2,3,5,3,0,1,3,2,9,1,10,4,4,0
Switzerland,0,1,0,0,0,0,0,0,0,0,0,0,0,0,0,0,0,0,0,0,1,0,0,0,0,0,0,0,0,0,0,0,0,0,0,0,0,0,0,0,0,0,2,0,0,0,0,0,0,0,2,0,0,0,0,0,0,0,0,0,1,0,0,0,0,0,0,0,0,0,0,0,1,0,0,0,0,0,0,0,0,0,0,0,0,0,0,0,0,0,0,0,0,0,0,0,0,0,0,0,0,0,0,0,0,0,0,0,0,0,0,0,0,0,0,0,0,0,0,0
Syrian Arab Republic,0,0,0,0,0,0,0,0,0,0,0,0,0,0,1,0,0,0,0,0,0,0,0,0,0,1,0,0,0,0,0,0,0,0,0,0,0,0,0,0,0,0,0,0,0,0,0,0,0,0,0,0,0,0,0,0,0,0,0,0,0,0,0,0,0,0,1,0,0,0,0,0,0,0,0,0,0,0,0,0,0,0,0,0,0,0,0,0,0,0,1,0,1,0,0,0,0,0,0,0,0,0,1,0,0,0,0,0,0,0,0,0,0,0,0,0,0,0,0,0
"Taiwan, Province of China",0,0,4,1,1,2,3,1,1,3,1,1,1,2,3,2,2,0,9,1,1,4,2,5,5,10,9,1,2,2,3,7,5,9,9,4,1,1,2,4,1,2,4,2,2,4,2,32,2,2,1,7,0,3,8,5,1,4,1,5,4,4,2,4,4,1,2,7,17,7,8,9,10,9,27,9,9,3,7,10,4,6,25,11,8,5,29,8,8,6,12,14,16,11,4,32,10,7,16,9,10,10,31,9,11,15,10,4,12,7,8,8,8,4,15,12,4,19,40,9
Tajikistan,0,0,0,3,0,0,0,1,0,0,1,0,0,0,1,0,0,0,1,1,1,0,1,0,1,0,4,0,0,1,2,7,2,4,1,1,1,3,0,1,1,1,0,1,0,10,3,3,0,0,0,2,2,2,1,1,0,1,0,1,1,2,4,2,2,8,4,2,3,6,12,3,8,6,3,1,1,0,1,4,1,3,3,0,4,3,6,5,6,3,8,6,0,0,1,2,1,3,2,0,7,3,1,6,3,4,6,3,3,3,1,6,6,6,5,2,6,5,3,11
"Tanzania, United Republic of",0,0,0,0,0,0,1,0,0,0,0,0,0,0,0,1,0,0,1,0,0,0,0,0,0,0,0,0,0,0,0,0,0,0,0,0,0,0,1,0,0,0,0,0,0,1,0,1,0,0,0,0,0,1,0,0,0,0,0,0,1,0,0,0,0,0,0,0,1,0,0,3,1,2,0,2,0,0,1,3,1,11,2,0,0,0,3,1,0,3,1,1,1,1,0,2,1,0,4,1,0,3,0,10,6,6,3,0,0,0,0,0,3,1,1,2,3,0,0,5
Thailand,0,0,0,0,0,0,0,0,0,0,0,0,0,0,0,0,0,0,1,0,0,1,0,0,0,0,0,0,0,0,1,1,0,0,0,0,0,0,0,0,0,0,0,0,0,0,0,0,0,0,0,0,0,0,0,0,0,0,0,0,0,1,0,0,0,1,0,0,1,0,1,2,0,0,0,0,0,1,0,3,0,0,0,0,0,1,0,0,0,0,1,0,0,0,0,0,1,0,0,0,0,0,1,0,0,0,0,4,0,0,3,0,0,0,0,2,0,1,1,2
Timor-Leste,0,1,0,0,1,1,0,0,0,0,0,0,0,0,1,0,0,0,0,0,0,0,0,0,2,0,2,1,0,0,0,0,1,2,0,1,0,1,0,0,0,0,0,0,0,0,1,1,1,0,1,1,1,0,0,2,0,0,1,3,2,4,1,5,4,3,2,2,4,7,19,14,11,20,20,23,14,21,22,22,27,13,16,19,27,13,21,31,12,24,17,22,8,11,17,9,11,9,11,9,7,11,12,9,21,21,20,11,4,15,16,12,19,7,8,9,10,7,12,16
Tokelau,0,0,0,0,0,0,0,0,0,0,0,0,0,0,0,0,0,0,0,0,0,0,0,0,0,0,0,0,0,0,0,0,0,0,0,0,0,0,0,0,0,0,0,0,0,0,0,0,0,0,0,0,0,0,0,0,0,0,0,0,0,0,0,0,0,0,0,0,0,0,0,0,0,0,0,0,0,1,0,0,0,0,0,0,0,0,0,0,0,0,0,0,0,0,0,0,0,0,0,0,0,0,1,0,0,0,0,0,0,0,0,0,0,0,0,0,0,0,0,0
Tonga,0,2,2,1,0,0,2,0,0,1,1,0,2,11,2,4,2,4,1,2,9,1,6,5,8,5,5,6,2,2,3,6,10,6,4,7,4,4,3,6,4,0,4,2,6,6,4,18,10,9,9,9,11,16,16,28,25,23,16,36,16,22,18,14,31,21,30,18,52,86,97,110,221,173,186,164,145,150,212,150,171,140,255,150,146,128,162,152,160,186,127,120,73,99,73,82,107,94,101,116,167,125,224,171,163,236,176,248,161,108,143,126,142,111,125,210,112,343,191,252
Trinidad and Tobago,0,0,0,0,0,0,1,0,0,0,0,0,0,0,0,0,0,0,1,0,0,0,0,0,0,0,0,0,0,0,0,0,0,0,0,0,0,0,0,0,0,0,0,0,0,0,0,0,0,0,1,0,0,0,0,0,0,0,0,0,0,0,0,0,0,0,0,0,0,0,0,0,0,0,0,0,0,0,1,0,2,0,0,0,9,1,1,1,0,0,2,0,1,8,0,0,0,1,0,1,2,0,2,0,1,2,1,0,0,0,0,0,1,0,1,0,1,0,2,0
Tunisia,0,0,0,0,0,0,0,0,0,0,0,0,0,0,0,0,1,0,0,0,0,0,0,0,1,0,0,0,0,0,0,0,0,0,0,0,0,0,0,0,0,0,0,0,0,0,0,0,0,0,0,0,0,1,0,0,0,0,0,0,0,0,0,0,0,0,1,0,0,0,0,0,0,1,0,0,0,0,0,0,0,0,0,0,0,3,2,0,1,0,1,0,0,1,0,0,0,0,1,0,0,1,0,0,0,0,0,0,0,0,0,0,0,0,1,0,0,0,0,2
Turkmenistan,0,0,0,0,0,0,0,0,0,0,0,0,0,1,0,0,0,0,0,0,0,0,1,0,0,6,0,1,0,0,0,0,0,0,1,1,0,0,0,0,0,0,1,0,2,0,2,0,1,0,0,0,0,0,0,0,0,0,0,0,2,0,2,0,0,1,0,0,1,0,0,0,0,0,2,1,0,1,0,4,1,1,4,2,0,3,0,1,1,0,2,1,1,0,0,0,4,1,1,0,0,1,1,0,0,1,1,0,0,1,1,1,1,2,0,0,0,0,0,4
Turks and Caicos Islands,0,0,0,0,0,0,0,0,0,0,0,0,0,0,0,0,0,0,0,0,0,0,0,0,0,0,0,0,0,0,0,0,0,0,0,0,0,0,0,0,0,0,0,0,0,0,0,0,0,0,0,0,0,0,0,0,0,0,0,0,0,0,0,0,0,0,0,0,0,0,0,0,0,0,0,0,0,0,0,0,0,0,0,0,0,0,0,0,0,0,0,0,0,0,0,0,0,0,0,0,1,0,0,0,0,0,0,0,0,1,0,0,0,0,0,0,0,0,0,0
Tuvalu,0,0,0,0,0,0,0,0,0,0,0,0,0,0,0,0,0,0,0,0,0,0,0,0,0,0,0,0,0,0,0,0,0,0,0,0,0,0,0,0,0,0,0,0,0,0,0,0,0,0,0,0,0,0,0,0,0,0,0,0,0,0,0,0,0,0,0,0,0,0,0,0,0,0,0,0,0,1,76,9,0,0,0,0,0,0,0,0,0,0,0,0,0,0,0,0,0,0,0,0,0,0,0,0,0,0,0,0,0,0,0,0,0,0,0,0,0,0,0,0
Türkiye,0,4,0,1,0,3,1,0,4,1,4,2,1,3,7,5,2,2,1,2,6,6,9,2,7,5,6,4,2,5,2,5,11,4,10,14,13,10,9,5,8,6,3,3,3,9,4,4,7,13,3,2,2,14,2,10,1,1,0,3,10,5,11,14,7,14,24,33,4,0,2,9,6,9,1,8,2,4,1,6,4,1,5,2,4,6,3,5,4,2,6,5,3,4,5,17,7,3,4,10,10,16,2,9,4,4,7,18,8,3,2,3,1,11,3,5,19,2,7,49
Uganda,0,0,0,0,0,0,0,0,1,0,0,0,0,0,0,0,0,0,0,0,0,0,0,0,0,0,0,0,0,0,0,0,0,0,0,0,0,0,0,0,0,1,0,0,0,0,0,0,0,0,0,0,0,0,0,0,0,0,0,0,0,0,6,1,1,0,0,0,2,0,1,0,0,2,0,2,0,0,0,1,0,0,0,0,0,0,0,1,0,0,1,0,1,0,0,0,0,1,0,1,0,0,1,1,0,0,0,1,0,3,0,0,0,1,0,0,0,0,0,0
Ukraine,0,0,0,0,0,0,0,0,0,0,0,0,0,0,0,1,0,0,0,0,0,0,0,12,0,0,0,0,0,0,0,0,0,0,0,0,0,0,0,0,0,0,0,0,0,1,0,0,0,0,0,0,0,1,0,0,0,0,0,0,0,0,0,0,0,0,0,0,0,0,0,0,0,0,0,0,0,0,0,0,0,0,0,0,0,0,0,0,0,0,0,0,0,0,0,0,0,0,0,0,0,0,0,0,0,0,0,0,0,0,0,0,0,0,0,0,0,0,0,0
United Arab Emirates,0,0,0,0,0,0,0,0,0,0,0,0,0,0,0,0,0,0,0,0,0,0,0,0,0,0,0,0,0,0,0,0,0,0,0,0,0,0,0,0,0,0,0,0,0,0,0,0,0,0,0,0,0,0,0,0,0,0,0,0,0,0,0,0,0,0,0,0,0,0,0,0,0,0,0,0,0,0,0,0,0,0,0,0,0,0,0,0,0,0,0,0,0,0,0,0,0,0,1,0,0,0,0,0,0,1,0,0,0,0,0,0,0,0,0,0,0,0,0,0
United Kingdom,0,0,0,0,0,0,0,0,0,0,0,0,0,0,0,0,0,0,0,0,0,0,0,0,0,0,0,1,0,0,0,0,0,0,0,0,0,0,0,0,0,0,1,0,0,0,0,0,0,0,0,0,0,0,0,0,0,0,0,0,0,0,0,0,0,0,0,0,0,0,0,0,0,0,0,0,0,0,0,0,1,0,0,0,0,0,0,0,0,0,0,0,0,0,0,0,0,0,0,0,0,0,0,0,0,0,0,0,0,0,0,0,0,0,0,0,0,0,0,0
United States,0,4,4,2,2,1,4,4,6,1,3,6,3,9,5,1,4,1,3,6,5,5,15,19,11,25,9,7,13,22,14,4,9,9,16,9,13,10,8,4,5,7,13,5,9,5,5,8,13,7,13,17,12,87,33,23,18,15,18,14,133,35,32,34,23,25,27,28,26,59,54,45,53,51,41,40,47,29,49,56,56,47,160,81,64,57,56,40,50,54,37,27,93,43,35,39,45,40,53,29,23,28,45,74,77,48,75,47,32,50,41,65,47,43,106,42,78,58,32,109
Uruguay,0,0,0,0,0,0,0,0,0,0,0,0,0,0,0,0,0,0,0,0,0,0,0,0,0,0,0,0,0,0,0,0,0,0,0,0,0,0,0,0,0,0,0,0,0,0,0,0,0,0,0,0,0,0,0,0,0,0,0,0,0,0,0,0,0,0,0,0,0,0,0,0,0,0,0,0,0,0,0,0,0,0,0,0,1,0,0,0,0,0,0,0,0,0,0,0,0,0,0,0,0,0,0,0,0,0,0,0,0,0,0,0,0,0,0,0,0,0,0,0
Uzbekistan,0,0,1,0,0,0,0,0,0,0,0,0,0,0,0,0,0,0,0,0,0,0,0,2,0,0,0,0,2,1,0,1,0,1,0,0,0,0,2,1,0,0,0,1,0,0,0,0,0,0,0,1,0,0,0,1,0,0,0,0,0,1,2,0,1,0,1,1,0,0,2,0,9,3,3,0,1,1,0,0,13,2,1,2,0,0,0,1,1,0,1,1,0,0,0,1,1,1,1,0,0,1,0,0,0,1,0,0,0,1,0,0,0,1,0,0,0,0,1,0
Vanuatu,0,2,4,3,0,3,8,0,0,2,1,0,0,5,3,0,3,1,1,1,0,3,5,10,4,5,10,3,5,3,8,3,3,2,9,6,3,3,0,2,4,2,4,1,4,1,15,0,1,7,1,8,2,6,18,7,13,23,8,3,4,23,20,13,11,12,16,12,39,69,75,41,57,64,61,59,64,44,43,47,59,69,76,73,50,45,69,45,64,51,109,36,23,63,35,45,40,33,66,39,63,43,53,74,118,108,151,156,71,34,35,36,84,41,54,47,54,106,58,94
"Venezuela, Bolivarian Republic of",0,0,0,0,0,0,0,0,0,0,0,0,0,0,0,1,0,0,0,1,0,0,1,0,0,1,0,1,1,1,0,1,0,0,0,0,0,0,0,0,0,1,0,0,0,0,1,0,0,0,0,0,1,4,0,0,0,0,0,1,1,1,3,3,4,2,3,0,0,0,2,4,3,5,0,2,2,2,3,3,3,0,4,1,6,3,3,2,0,0,4,1,1,4,1,2,1,2,0,0,1,3,3,0,3,3,3,1,0,1,1,4,1,1,6,1,1,4,1,0
Viet Nam,0,0,0,0,0,0,0,0,0,0,0,0,0,0,0,0,0,0,0,0,0,0,0,0,0,0,0,0,0,0,0,1,0,0,0,0,0,0,0,0,0,0,0,0,0,0,0,0,0,0,0,0,0,0,0,0,0,1,0,0,0,0,0,0,0,0,0,0,0,0,0,0,0,0,0,0,0,0,0,2,0,0,0,0,0,0,0,0,0,0,0,0,0,0,0,0,0,0,0,0,0,2,0,1,0,0,0,1,0,0,0,0,0,0,0,2,0,0,0,0
"Virgin Islands, British",0,0,0,0,0,0,0,0,0,0,0,0,0,0,0,1,0,0,0,0,0,0,0,1,0,0,1,0,0,0,0,0,0,0,0,0,0,0,0,0,0,0,0,0,0,0,0,0,0,0,0,1,0,0,0,0,0,0,0,0,0,0,0,0,0,0,0,0,0,0,0,0,3,0,1,2,0,0,1,0,2,1,0,0,0,0,1,0,1,1,0,0,2,0,1,0,0,3,2,0,1,0,3,2,1,0,0,1,1,0,0,0,0,0,0,0,0,0,0,0
"Virgin Islands, U.S.",0,0,0,0,0,0,0,0,0,0,0,0,0,0,0,0,0,0,0,0,0,0,0,0,0,0,0,0,0,0,0,0,0,0,0,0,0,0,0,0,0,0,0,0,0,0,0,0,0,0,0,0,0,0,0,0,0,0,0,0,0,0,0,0,0,0,1,0,0,0,0,0,0,0,0,0,0,0,0,0,0,0,0,0,0,0,1,0,0,0,0,0,0,0,0,0,0,0,0,0,0,0,0,0,0,0,0,0,0,0,0,0,0,0,0,0,0,0,0,0
Wallis and Futuna,0,0,0,0,0,0,0,0,0,0,0,0,0,1,1,2,0,0,1,0,2,0,2,0,4,1,1,0,1,0,0,0,0,0,1,0,1,0,0,1,0,0,0,0,0,2,1,0,1,0,1,0,1,1,1,1,6,0,1,1,0,5,2,2,3,2,2,4,4,15,22,27,21,34,23,31,27,12,17,12,11,27,25,29,22,23,25,22,26,18,22,9,19,12,19,13,19,6,23,11,11,15,20,18,20,18,8,30,11,8,13,15,7,16,53,7,11,15,5,26
Yemen,0,0,0,0,1,0,0,0,0,0,0,0,0,0,0,0,0,0,0,0,1,0,1,0,4,4,0,0,3,0,0,1,2,0,0,1,3,3,0,0,0,0,2,1,1,1,0,3,0,0,1,0,0,0,0,4,0,0,1,0,3,0,0,2,0,3,1,0,1,3,6,43,3,4,2,4,6,2,8,8,3,1,7,2,4,4,6,1,4,6,15,8,4,3,2,5,5,7,11,7,5,4,10,5,8,16,3,4,5,6,10,8,5,3,7,6,4,6,2,6
Zambia,0,0,0,0,0,0,0,0,0,0,0,0,0,0,0,1,0,0,0,0,0,0,0,0,0,0,0,0,0,0,0,0,0,0,0,0,1,0,0,0,0,0,0,0,0,0,0,0,0,0,0,0,0,0,1,1,0,0,0,3,0,0,0,1,2,0,0,0,2,4,2,0,1,0,0,1,0,0,0,0,1,1,1,0,1,1,0,0,0,0,1,0,1,0,0,0,0,0,1,0,0,0,1,0,0,0,0,1,0,0,1,1,0,1,0,0,0,0,0,0
Zimbabwe,0,0,0,0,0,0,0,0,0,0,0,0,0,0,0,0,0,0,0,0,0,0,0,0,0,0,0,0,0,0,0,0,0,0,0,0,0,0,0,0,0,0,0,0,0,0,0,2,0,0,0,0,0,1,0,0,0,0,0,0,0,0,0,0,0,0,0,0,0,0,0,0,0,0,0,0,0,0,0,0,0,0,0,0,0,0,1,0,0,0,0,0,0,0,0,0,0,0,0,0,0,0,12,1,1,0,0,0,0,0,0,0,1,0,1,0,0,0,0,0
